Workbook

Sheet 2501_MIS 
A1: Sl No. | B1: Student Name | C1: Student System ID | D1: Student Roll No. | E1: New Section | F1: FastTrack | G1: Status after 2411 | H1: Group | I1: Mentor | J1: Student Email ID | K1: Parent mail id | L1: contact number | M1: Specialization | O1: Status After 2413
A2: 1 | B2: Anutosh Mishra | C2: 2021308861 | D2: 210101102 | E2: B-Tech CSE-VI A | F2: =VLOOKUP('2501_MIS '!C2,'[1]Fast Track '!B:K,10,FALSE) -> #N/A | G2: =VLOOKUP(C2,[2]Sheet7!A:D,4,FALSE) -> Not Promoted | H2: G1 | I2: Ms. Aanchal Vij | J2: 2021308861.anutosh@ug.sharda.ac.in | K2: =VLOOKUP(C2,[3]Sheet1!D:J,6,FALSE) -> 2021308861.ashutoshkumar@pt.sharda.ac.in | L2: =VLOOKUP(D2,[3]Sheet1!E:K,6,FALSE) -> 9936777552 | M2: Computer Science | O2: =VLOOKUP(C2,#REF!,12,FALSE) -> #REF!
A3: 2 | B3: Garv Sharma | C3: 2021529806 | D3: 210101190 | E3: B-Tech CSE-VI A | F3: =VLOOKUP('2501_MIS '!C3,'[1]Fast Track '!B:K,10,FALSE) -> #N/A | G3: =VLOOKUP(C3,[2]Sheet7!A:D,4,FALSE) -> Not Promoted | H3: G1 | I3: Ms. Aanchal Vij | J3: 2021529806.garv@ug.sharda.ac.in | K3: =VLOOKUP(C3,[3]Sheet1!D:J,6,FALSE) -> 2021529806.santosh@pt.sharda.ac.in | L3: =VLOOKUP(D3,[3]Sheet1!E:K,6,FALSE) -> 9711552459 | M3: Computer Science | O3: =VLOOKUP(C3,#REF!,12,FALSE) -> #REF!
A4: 3 | B4: Nandani Chaudhary | C4: 2021828405 | D4: 210101591 | E4: B-Tech CSE-VI A | F4: =VLOOKUP('2501_MIS '!C4,'[1]Fast Track '!B:K,10,FALSE) -> #N/A | G4: =VLOOKUP(C4,[2]Sheet7!A:D,4,FALSE) -> Not Promoted | H4: G1 | I4: Ms. Aanchal Vij | J4: 2021828405.nandani@ug.sharda.ac.in | K4: =VLOOKUP(C4,[3]Sheet1!D:J,6,FALSE) -> 2021828405.ramananda@pt.sharda.ac.in | L4: =VLOOKUP(D4,[3]Sheet1!E:K,6,FALSE) -> 8130538380 | M4: Computer Science | O4: =VLOOKUP(C4,#REF!,12,FALSE) -> #REF!
A5: 4 | B5: Farheen Khan | C5: 2021000009 | D5: 210121021 | E5: B-Tech CSE-VI A | F5: =VLOOKUP('2501_MIS '!C5,'[1]Fast Track '!B:K,10,FALSE) -> #N/A | G5: =VLOOKUP(C5,[2]Sheet7!A:D,4,FALSE) -> Not Promoted | H5: G1 | I5: Ms. Aanchal Vij | J5: 2021000009.farheen@ug.sharda.ac.in | K5: =VLOOKUP(C5,[3]Sheet1!D:J,6,FALSE) -> 2021000009.asad@pt.sharda.ac.in | L5: =VLOOKUP(D5,[3]Sheet1!E:K,6,FALSE) -> 9599543010 | M5: Computer Science | O5: =VLOOKUP(C5,#REF!,12,FALSE) -> #REF!
A6: 5 | B6: Abhiraj Singh | C6: 2022579515 | D6: 2201010023 | E6: B-Tech CSE-VI A | F6: =VLOOKUP('2501_MIS '!C6,'[1]Fast Track '!B:K,10,FALSE) -> #N/A | G6: =VLOOKUP(C6,[2]Sheet7!A:D,4,FALSE) -> Promoted | H6: G1 | I6: Ms. Aanchal Vij | J6: 2022579515.abhiraj@ug.sharda.ac.in | K6: =VLOOKUP(C6,[3]Sheet1!D:J,6,FALSE) -> 2022579515.vijaykumar@pt.sharda.ac.in | L6: =VLOOKUP(D6,[3]Sheet1!E:K,6,FALSE) -> 8826793887 | M6: Computer Science | O6: =VLOOKUP(C6,#REF!,12,FALSE) -> #REF!
A7: 6 | B7: Aman Sinha | C7: 2022534811 | D7: 2201010078 | E7: B-Tech CSE-VI A | F7: =VLOOKUP('2501_MIS '!C7,'[1]Fast Track '!B:K,10,FALSE) -> #N/A | G7: =VLOOKUP(C7,[2]Sheet7!A:D,4,FALSE) -> Promoted | H7: G1 | I7: Ms. Aanchal Vij | J7: 2022534811.aman@ug.sharda.ac.in | K7: =VLOOKUP(C7,[3]Sheet1!D:J,6,FALSE) -> 2022534811.rajeshkumar@pt.sharda.ac.in | L7: =VLOOKUP(D7,[3]Sheet1!E:K,6,FALSE) -> 7319641049 | M7: Computer Science | O7: =VLOOKUP(C7,#REF!,12,FALSE) -> #REF!
A8: 7 | B8: Ansh Shrivastav | C8: 2022475156 | D8: 2201010099 | E8: B-Tech CSE-VI A | F8: =VLOOKUP('2501_MIS '!C8,'[1]Fast Track '!B:K,10,FALSE) -> #N/A | G8: =VLOOKUP(C8,[2]Sheet7!A:D,4,FALSE) -> Promoted | H8: G1 | I8: Ms. Aanchal Vij | J8: 2022475156.ansh@ug.sharda.ac.in | K8: =VLOOKUP(C8,[3]Sheet1!D:J,6,FALSE) -> 2022475156.dhananjay@pt.sharda.ac.in | L8: =VLOOKUP(D8,[3]Sheet1!E:K,6,FALSE) -> 8789919805 | M8: Computer Science | O8: =VLOOKUP(C8,#REF!,12,FALSE) -> #REF!
A9: 8 | B9: Anuj Rawat | C9: 2022394343 | D9: 2201010111 | E9: B-Tech CSE-VI A | F9: =VLOOKUP('2501_MIS '!C9,'[1]Fast Track '!B:K,10,FALSE) -> #N/A | G9: =VLOOKUP(C9,[2]Sheet7!A:D,4,FALSE) -> Promoted | H9: G1 | I9: Ms. Aanchal Vij | J9: 2022394343.anuj@ug.sharda.ac.in | K9: =VLOOKUP(C9,[3]Sheet1!D:J,6,FALSE) -> 2022394343.anandsingh@pt.sharda.ac.in | L9: =VLOOKUP(D9,[3]Sheet1!E:K,6,FALSE) -> 8126133363 | M9: Computer Science | O9: =VLOOKUP(C9,#REF!,12,FALSE) -> #REF!
A10: 9 | B10: Arbaz Ahmed | C10: 2022006308 | D10: 2201010121 | E10: B-Tech CSE-VI A | F10: =VLOOKUP('2501_MIS '!C10,'[1]Fast Track '!B:K,10,FALSE) -> #N/A | G10: =VLOOKUP(C10,[2]Sheet7!A:D,4,FALSE) -> Promoted | H10: G1 | I10: Ms. Aanchal Vij | J10: 2022006308.arbaz@ug.sharda.ac.in | K10: =VLOOKUP(C10,[3]Sheet1!D:J,6,FALSE) -> 2022006308.asad@pt.sharda.ac.in | L10: =VLOOKUP(D10,[3]Sheet1!E:K,6,FALSE) -> 7300577335 | M10: Computer Science | O10: =VLOOKUP(C10,#REF!,12,FALSE) -> #REF!
A11: 10 | B11: Atithi Negi | C11: 2022438604 | D11: 2201010162 | E11: B-Tech CSE-VI A | F11: =VLOOKUP('2501_MIS '!C11,'[1]Fast Track '!B:K,10,FALSE) -> #N/A | G11: =VLOOKUP(C11,[2]Sheet7!A:D,4,FALSE) -> Promoted | H11: G1 | I11: Ms. Aanchal Vij | J11: 2022438604.atithi@ug.sharda.ac.in | K11: =VLOOKUP(C11,[3]Sheet1!D:J,6,FALSE) -> 2022438604.kundansingh@pt.sharda.ac.in | L11: =VLOOKUP(D11,[3]Sheet1!E:K,6,FALSE) -> 8920297350 | M11: Computer Science | O11: =VLOOKUP(C11,#REF!,12,FALSE) -> #REF!
A12: 11 | B12: Basharat Hassan | C12: 2022521926 | D12: 2201010175 | E12: B-Tech CSE-VI A | F12: =VLOOKUP('2501_MIS '!C12,'[1]Fast Track '!B:K,10,FALSE) -> #N/A | G12: =VLOOKUP(C12,[2]Sheet7!A:D,4,FALSE) -> Promoted | H12: G1 | I12: Ms. Aanchal Vij | J12: 2022521926.basharat@ug.sharda.ac.in | K12: =VLOOKUP(C12,[3]Sheet1!D:J,6,FALSE) -> 2022521926.ghulamhassan@pt.sharda.ac.in | L12: =VLOOKUP(D12,[3]Sheet1!E:K,6,FALSE) -> 8899544845 | M12: Computer Science | O12: =VLOOKUP(C12,#REF!,12,FALSE) -> #REF!
A13: 12 | B13: Bhoomi Sharma | C13: 2022325232 | D13: 2201010178 | E13: B-Tech CSE-VI A | F13: =VLOOKUP('2501_MIS '!C13,'[1]Fast Track '!B:K,10,FALSE) -> #N/A | G13: =VLOOKUP(C13,[2]Sheet7!A:D,4,FALSE) -> Promoted | H13: G1 | I13: Ms. Aanchal Vij | J13: 2022325232.bhoomi@ug.sharda.ac.in | K13: =VLOOKUP(C13,[3]Sheet1!D:J,6,FALSE) -> 2022325232.latesuneet@pt.sharda.ac.in | L13: =VLOOKUP(D13,[3]Sheet1!E:K,6,FALSE) -> 9717628588 | M13: Computer Science | O13: =VLOOKUP(C13,#REF!,12,FALSE) -> #REF!
... A59: 58 | B59: Sarthak Sanghai | C59: 2022837427 | D59: 2201010913 | E59: B-Tech CSE-VI A | F59: =VLOOKUP('2501_MIS '!C59,'[1]Fast Track '!B:K,10,FALSE) -> #N/A | G59: =VLOOKUP(C59,[2]Sheet7!A:D,4,FALSE) -> Promoted | H59: G2 | I59: Dr. Himanshu Sharma | J59: 2022837427.sarthak@ug.sharda.ac.in | K59: =VLOOKUP(C59,[3]Sheet1!D:J,6,FALSE) -> 2022837427.kanhaiyalal@pt.sharda.ac.in | L59: =VLOOKUP(D59,[3]Sheet1!E:K,6,FALSE) -> 977 9813003131 | M59: Computer Science | O59: =VLOOKUP(C59,#REF!,12,FALSE) -> #REF!
A60: 59 | B60: Andrew Chingthat Khaigoulen Mate | C60: 2023248088 | D60: 2301017003 | E60: B-Tech CSE-VI A | F60: =VLOOKUP('2501_MIS '!C60,'[1]Fast Track '!B:K,10,FALSE) -> #N/A | G60: =VLOOKUP(C60,[2]Sheet7!A:D,4,FALSE) -> Not Promoted | H60: G2 | I60: Dr. Himanshu Sharma | J60: 2023248088.andrew@ug.sharda.ac.in | K60: =VLOOKUP(C60,[3]Sheet1!D:J,6,FALSE) -> 2023248088.ch@pt.sharda.ac.in | L60: =VLOOKUP(D60,[3]Sheet1!E:K,6,FALSE) -> 9013572298 | M60: Computer Science | N60: Readmitted | O60: =VLOOKUP(C60,#REF!,12,FALSE) -> #REF!
A61: 60 | B61: Prashid Shanker | C61: 2023583466 | D61: 2301017012 | E61: B-Tech CSE-VI A | F61: =VLOOKUP('2501_MIS '!C61,'[1]Fast Track '!B:K,10,FALSE) -> #N/A | G61: =VLOOKUP(C61,[2]Sheet7!A:D,4,FALSE) -> Promoted | H61: G2 | I61: Dr. Himanshu Sharma | J61: 2023583466.prashid@ug.sharda.ac.in | K61: =VLOOKUP(C61,[3]Sheet1!D:J,6,FALSE) -> 2023583466.prakash@pt.sharda.ac.in | L61: =VLOOKUP(D61,[3]Sheet1!E:K,6,FALSE) -> 7479301653 | M61: Computer Science | O61: =VLOOKUP(C61,#REF!,12,FALSE) -> #REF!
A62: 61 | B62: Sudiksha Bhogal | C62: 2023524672 | D62: 2301017018 | E62: B-Tech CSE-VI A | F62: =VLOOKUP('2501_MIS '!C62,'[1]Fast Track '!B:K,10,FALSE) -> #N/A | G62: =VLOOKUP(C62,[2]Sheet7!A:D,4,FALSE) -> Promoted | H62: G2 | I62: Dr. Himanshu Sharma | J62: 2023524672.sudiksha@ug.sharda.ac.in | K62: =VLOOKUP(C62,[3]Sheet1!D:J,6,FALSE) -> 2023524672.sunil@pt.sharda.ac.in | L62: =VLOOKUP(D62,[3]Sheet1!E:K,6,FALSE) -> 8368285187 | M62: Computer Science | O62: =VLOOKUP(C62,#REF!,12,FALSE) -> #REF!
A63: 62 | B63: Tauhid Hashmi | C63: 2023500162 | D63: 2301017020 | E63: B-Tech CSE-VI A | F63: =VLOOKUP('2501_MIS '!C63,'[1]Fast Track '!B:K,10,FALSE) -> #N/A | G63: =VLOOKUP(C63,[2]Sheet7!A:D,4,FALSE) -> Promoted | H63: G2 | I63: Dr. Himanshu Sharma | J63: 2023500162.tauhid@ug.sharda.ac.in | K63: =VLOOKUP(C63,[3]Sheet1!D:J,6,FALSE) -> 2023500162.roshan@pt.sharda.ac.in | L63: =VLOOKUP(D63,[3]Sheet1!E:K,6,FALSE) -> 9305783117 | M63: Computer Science | O63: =VLOOKUP(C63,#REF!,12,FALSE) -> #REF!
A64: 63 | B64: Abhishek Chaudhary | C64: 2021479763 | D64: 210101025 | E64: B-Tech CSE-VI A | F64: =VLOOKUP('2501_MIS '!C64,'[1]Fast Track '!B:K,10,FALSE) -> #N/A | G64: =VLOOKUP(C64,[2]Sheet7!A:D,4,FALSE) -> Not Promoted | H64: G2 | I64: Dr. Himanshu Sharma | J64: 2021479763.abhishek@ug.sharda.ac.in | K64: 2021479763.virendra@pt.sharda.ac.in | L64: 9140907009 | M64: Computer Science | O64: =VLOOKUP(C64,#REF!,12,FALSE) -> #REF!
A65: 64 | B65: Ankit kumar | C65: 2024389953 | E65: B-Tech CSE-VI A | F65: =VLOOKUP('2501_MIS '!C65,'[1]Fast Track '!B:K,10,FALSE) -> #N/A | G65: =VLOOKUP(C65,[2]Sheet7!A:D,4,FALSE) -> Not Promoted | H65: G2 | I65: Dr. Himanshu Sharma | J65: 0 | K65: 0 | L65: 9693101494 | M65: Computer Science | O65: =VLOOKUP(C65,#REF!,12,FALSE) -> #REF!
A66: 65 | B66: Tarun Patel | C66: 2019005675 | D66: 190101319 | E66: B-Tech CSE-VI B | F66: =VLOOKUP('2501_MIS '!C66,'[1]Fast Track '!B:K,10,FALSE) -> #N/A | G66: =VLOOKUP(C66,[2]Sheet7!A:D,4,FALSE) -> Not Promoted | H66: G1 | I66: Prof. (Dr.) Jayant Shekhar | J66: 2019005675.tarun@ug.sharda.ac.in | K66: =VLOOKUP(C66,[3]Sheet1!D:J,6,FALSE) -> 0 | L66: =VLOOKUP(D66,[3]Sheet1!E:K,6,FALSE) -> 0 | M66: Computer Science | O66: =VLOOKUP(C66,#REF!,12,FALSE) -> #REF!
A67: 66 | B67: Mohammad Aatif Quamre | C67: 2020516582 | D67: 200101181 | E67: B-Tech CSE-VI B | F67: =VLOOKUP('2501_MIS '!C67,'[1]Fast Track '!B:K,10,FALSE) -> #N/A | G67: =VLOOKUP(C67,[2]Sheet7!A:D,4,FALSE) -> Not Promoted | H67: G1 | I67: Prof. (Dr.) Jayant Shekhar | K67: =VLOOKUP(C67,[3]Sheet1!D:J,6,FALSE) -> 0 | L67: =VLOOKUP(D67,[3]Sheet1!E:K,6,FALSE) -> 9319072044 | M67: Computer Science | O67: =VLOOKUP(C67,#REF!,12,FALSE) -> #REF!
A68: 67 | B68: Aditi Tiwari | C68: 2021378869 | D68: 210101036 | E68: B-Tech CSE-VI B | F68: =VLOOKUP('2501_MIS '!C68,'[1]Fast Track '!B:K,10,FALSE) -> #N/A | G68: =VLOOKUP(C68,[2]Sheet7!A:D,4,FALSE) -> Not Promoted | H68: G1 | I68: Prof. (Dr.) Jayant Shekhar | K68: =VLOOKUP(C68,[3]Sheet1!D:J,6,FALSE) -> 2021378869.lakshmipati@pt.sharda.ac.in | L68: =VLOOKUP(D68,[3]Sheet1!E:K,6,FALSE) -> 7718237260 | M68: Computer Science | O68: =VLOOKUP(C68,#REF!,12,FALSE) -> #REF!
A69: 68 | B69: Azeem Malik | C69: 2021420120 | D69: 210101143 | E69: B-Tech CSE-VI B | F69: =VLOOKUP('2501_MIS '!C69,'[1]Fast Track '!B:K,10,FALSE) -> #N/A | G69: =VLOOKUP(C69,[2]Sheet7!A:D,4,FALSE) -> #N/A | H69: G1 | I69: Prof. (Dr.) Jayant Shekhar | J69: 2021420120.azeem@ug.sharda.ac.in | K69: =VLOOKUP(C69,[3]Sheet1!D:J,6,FALSE) -> 2021420120.shahid@pt.sharda.ac.in | L69: =VLOOKUP(D69,[3]Sheet1!E:K,6,FALSE) -> 7417337133 | M69: Computer Science | N69: Left | O69: =VLOOKUP(C69,#REF!,12,FALSE) -> #REF!
A70: 69 | B70: Rinjal Sagar | C70: 2021003785 | D70: 210101586 | E70: B-Tech CSE-VI B | F70: =VLOOKUP('2501_MIS '!C70,'[1]Fast Track '!B:K,10,FALSE) -> #N/A | G70: =VLOOKUP(C70,[2]Sheet7!A:D,4,FALSE) -> Promoted | H70: G1 | I70: Prof. (Dr.) Jayant Shekhar | J70: 2021003785.rinjal@ug.sharda.ac.in | K70: =VLOOKUP(C70,[3]Sheet1!D:J,6,FALSE) -> 2021003785.lalitkumar@pt.sharda.ac.in | L70: =VLOOKUP(D70,[3]Sheet1!E:K,6,FALSE) -> 9871907908 | M70: Computer Science | O70: =VLOOKUP(C70,#REF!,12,FALSE) -> #REF!
A71: 70 | B71: A Vishwam Rao | C71: 2022003574 | D71: 2201010001 | E71: B-Tech CSE-VI B | F71: =VLOOKUP('2501_MIS '!C71,'[1]Fast Track '!B:K,10,FALSE) -> #N/A | G71: =VLOOKUP(C71,[2]Sheet7!A:D,4,FALSE) -> Promoted | H71: G1 | I71: Prof. (Dr.) Jayant Shekhar | J71: 2022003574.a@ug.sharda.ac.in | K71: =VLOOKUP(C71,[3]Sheet1!D:J,6,FALSE) -> 2022003574.rupesh@pt.sharda.ac.in | L71: =VLOOKUP(D71,[3]Sheet1!E:K,6,FALSE) -> 9971308744 | M71: Computer Science | O71: =VLOOKUP(C71,#REF!,12,FALSE) -> #REF!
A72: 71 | B72: Abhinay Singh Rawat | C72: 2022360529 | D72: 2201010022 | E72: B-Tech CSE-VI B | F72: =VLOOKUP('2501_MIS '!C72,'[1]Fast Track '!B:K,10,FALSE) -> #N/A | G72: =VLOOKUP(C72,[2]Sheet7!A:D,4,FALSE) -> Promoted | H72: G1 | I72: Prof. (Dr.) Jayant Shekhar | J72: 2022360529.abhinay@ug.sharda.ac.in | K72: =VLOOKUP(C72,[3]Sheet1!D:J,6,FALSE) -> 2022360529.harishchandra@pt.sharda.ac.in | L72: =VLOOKUP(D72,[3]Sheet1!E:K,6,FALSE) -> 7300965989 | M72: Computer Science | O72: =VLOOKUP(C72,#REF!,12,FALSE) -> #REF!
A73: 72 | B73: Ankit Yadav | C73: 2022538932 | D73: 2201010096 | E73: B-Tech CSE-VI B | F73: =VLOOKUP('2501_MIS '!C73,'[1]Fast Track '!B:K,10,FALSE) -> #N/A | G73: =VLOOKUP(C73,[2]Sheet7!A:D,4,FALSE) -> Promoted | H73: G1 | I73: Prof. (Dr.) Jayant Shekhar | J73: 2022538932.ankit@ug.sharda.ac.in | K73: =VLOOKUP(C73,[3]Sheet1!D:J,6,FALSE) -> 2022538932.chandrej@pt.sharda.ac.in | L73: =VLOOKUP(D73,[3]Sheet1!E:K,6,FALSE) -> 9625789885 | M73: Computer Science | O73: =VLOOKUP(C73,#REF!,12,FALSE) -> #REF!
A74: 73 | B74: Anshuman Singh | C74: 2022002787 | D74: 2201010105 | E74: B-Tech CSE-VI B | F74: =VLOOKUP('2501_MIS '!C74,'[1]Fast Track '!B:K,10,FALSE) -> #N/A | G74: =VLOOKUP(C74,[2]Sheet7!A:D,4,FALSE) -> Promoted | H74: G1 | I74: Prof. (Dr.) Jayant Shekhar | J74: 2022002787.anshuman@ug.sharda.ac.in | K74: =VLOOKUP(C74,[3]Sheet1!D:J,6,FALSE) -> 2022002787.ramprakash@pt.sharda.ac.in | L74: =VLOOKUP(D74,[3]Sheet1!E:K,6,FALSE) -> 8707433483 | M74: Computer Science | O74: =VLOOKUP(C74,#REF!,12,FALSE) -> #REF!
A75: 74 | B75: Anushka Kashyap | C75: 2022005229 | D75: 2201010115 | E75: B-Tech CSE-VI B | F75: =VLOOKUP('2501_MIS '!C75,'[1]Fast Track '!B:K,10,FALSE) -> #N/A | G75: =VLOOKUP(C75,[2]Sheet7!A:D,4,FALSE) -> Promoted | H75: G1 | I75: Prof. (Dr.) Jayant Shekhar | J75: 2022005229.anushka@ug.sharda.ac.in | K75: =VLOOKUP(C75,[3]Sheet1!D:J,6,FALSE) -> 2022005229.sohanlal@pt.sharda.ac.in | L75: =VLOOKUP(D75,[3]Sheet1!E:K,6,FALSE) -> 7827845687 | M75: Computer Science | O75: =VLOOKUP(C75,#REF!,12,FALSE) -> #REF!
A76: 75 | B76: Aryan Rattan Trakroo | C76: 2022419571 | D76: 2201010146 | E76: B-Tech CSE-VI B | F76: =VLOOKUP('2501_MIS '!C76,'[1]Fast Track '!B:K,10,FALSE) -> #N/A | G76: =VLOOKUP(C76,[2]Sheet7!A:D,4,FALSE) -> Promoted | H76: G2 | I76: Dr. Subrata Sahana | J76: 2022419571.aryan@ug.sharda.ac.in | K76: =VLOOKUP(C76,[3]Sheet1!D:J,6,FALSE) -> 2022419571.sanjaybharat@pt.sharda.ac.in | L76: =VLOOKUP(D76,[3]Sheet1!E:K,6,FALSE) -> 9779994998 | M76: Computer Science | O76: =VLOOKUP(C76,#REF!,12,FALSE) -> #REF!
A77: 76 | B77: Bolla Manoj Sai | C77: 2022433389 | D77: 2201010183 | E77: B-Tech CSE-VI B | F77: =VLOOKUP('2501_MIS '!C77,'[1]Fast Track '!B:K,10,FALSE) -> #N/A | G77: =VLOOKUP(C77,[2]Sheet7!A:D,4,FALSE) -> Promoted | H77: G1 | I77: Prof. (Dr.) Jayant Shekhar | J77: 2022433389.bolla@ug.sharda.ac.in | K77: =VLOOKUP(C77,[3]Sheet1!D:J,6,FALSE) -> 2022433389.bollanvssambasiva@pt.sharda.ac.in | L77: =VLOOKUP(D77,[3]Sheet1!E:K,6,FALSE) -> 9492465566 | M77: Computer Science | O77: =VLOOKUP(C77,#REF!,12,FALSE) -> #REF!
A78: 77 | B78: Brahmtej Mohanty | C78: 2022002578 | D78: 2201010184 | E78: B-Tech CSE-VI B | F78: =VLOOKUP('2501_MIS '!C78,'[1]Fast Track '!B:K,10,FALSE) -> #N/A | G78: =VLOOKUP(C78,[2]Sheet7!A:D,4,FALSE) -> Promoted | H78: G1 | I78: Prof. (Dr.) Jayant Shekhar | J78: 2022002578.brahmtej@ug.sharda.ac.in | K78: =VLOOKUP(C78,[3]Sheet1!D:J,6,FALSE) -> 2022002578.bibhutibhushan@pt.sharda.ac.in | L78: =VLOOKUP(D78,[3]Sheet1!E:K,6,FALSE) -> 7735324362 | M78: Computer Science | O78: =VLOOKUP(C78,#REF!,12,FALSE) -> #REF!
A79: 78 | B79: Chirag Pathak | C79: 2022005228 | D79: 2201010194 | E79: B-Tech CSE-VI B | F79: =VLOOKUP('2501_MIS '!C79,'[1]Fast Track '!B:K,10,FALSE) -> #N/A | G79: =VLOOKUP(C79,[2]Sheet7!A:D,4,FALSE) -> Promoted | H79: G1 | I79: Prof. (Dr.) Jayant Shekhar | J79: 2022005228.chirag@ug.sharda.ac.in | K79: =VLOOKUP(C79,[3]Sheet1!D:J,6,FALSE) -> 2022005228.sampurnanand@pt.sharda.ac.in | L79: =VLOOKUP(D79,[3]Sheet1!E:K,6,FALSE) -> 9267929004 | M79: Computer Science | O79: =VLOOKUP(C79,#REF!,12,FALSE) -> #REF!
A80: 79 | B80: Danish Kamal | C80: 2022349970 | D80: 2201010201 | E80: B-Tech CSE-VI B | F80: =VLOOKUP('2501_MIS '!C80,'[1]Fast Track '!B:K,10,FALSE) -> #N/A | G80: =VLOOKUP(C80,[2]Sheet7!A:D,4,FALSE) -> Promoted | H80: G1 | I80: Prof. (Dr.) Jayant Shekhar | J80: 2022349970.danish@ug.sharda.ac.in | K80: =VLOOKUP(C80,[3]Sheet1!D:J,6,FALSE) -> 2022349970.manzoor@pt.sharda.ac.in | L80: =VLOOKUP(D80,[3]Sheet1!E:K,6,FALSE) -> 9873222919 | M80: Computer Science | O80: =VLOOKUP(C80,#REF!,12,FALSE) -> #REF!
A81: 80 | B81: Hameem Yaseen | C81: 2022565603 | D81: 2201010257 | E81: B-Tech CSE-VI B | F81: =VLOOKUP('2501_MIS '!C81,'[1]Fast Track '!B:K,10,FALSE) -> #N/A | G81: =VLOOKUP(C81,[2]Sheet7!A:D,4,FALSE) -> Promoted | H81: G1 | I81: Prof. (Dr.) Jayant Shekhar | J81: 2022565603.hameem@ug.sharda.ac.in | K81: =VLOOKUP(C81,[3]Sheet1!D:J,6,FALSE) -> 2022565603.mohammad@pt.sharda.ac.in | L81: =VLOOKUP(D81,[3]Sheet1!E:K,6,FALSE) -> 9906660583 | M81: Computer Science | O81: =VLOOKUP(C81,#REF!,12,FALSE) -> #REF!
... A127: 126 | B127: Avik Roy | C127: 2022836161 | D127: 2201010911 | E127: B-Tech CSE-VI B | F127: =VLOOKUP('2501_MIS '!C127,'[1]Fast Track '!B:K,10,FALSE) -> #N/A | G127: =VLOOKUP(C127,[2]Sheet7!A:D,4,FALSE) -> Promoted | H127: G2 | I127: Dr. Subrata Sahana | J127: 2022836161.avik@ug.sharda.ac.in | K127: =VLOOKUP(C127,[3]Sheet1!D:J,6,FALSE) -> 2022836161.apurba@pt.sharda.ac.in | L127: =VLOOKUP(D127,[3]Sheet1!E:K,6,FALSE) -> 91 9674775066 | M127: Computer Science | O127: =VLOOKUP(C127,#REF!,12,FALSE) -> #REF!
A128: 127 | B128: Shubh Sahu | C128: 2021361239 | D128: 210101480 | E128: B-Tech CSE-VI B | F128: =VLOOKUP('2501_MIS '!C128,'[1]Fast Track '!B:K,10,FALSE) -> #N/A | G128: =VLOOKUP(C128,[2]Sheet7!A:D,4,FALSE) -> Not Promoted | H128: G2 | I128: Dr. Subrata Sahana | J128: 2021361239.shubh@ug.sharda.ac.in | K128: =VLOOKUP(C128,[3]Sheet1!D:J,6,FALSE) -> 2021361239.virendra@pt.sharda.ac.in | L128: =VLOOKUP(C128,[3]Sheet1!D:J,7,FALSE) -> 8299431338 | M128: Computer Science | O128: =VLOOKUP(C128,#REF!,12,FALSE) -> #REF!
A129: 128 | B129: Aradhya Mittal | C129: 2022480934 | D129: 2201010119 | E129: B-Tech CSE-VI C | F129: =VLOOKUP('2501_MIS '!C129,'[1]Fast Track '!B:K,10,FALSE) -> #N/A | G129: =VLOOKUP(C129,[2]Sheet7!A:D,4,FALSE) -> Promoted | H129: G1 | I129: Dr. Bal Krishna Saraswat | J129: 2022480934.aradhya@ug.sharda.ac.in | K129: =VLOOKUP(C129,[3]Sheet1!D:J,6,FALSE) -> 2022480934.sanjivkumar@pt.sharda.ac.in | L129: =VLOOKUP(D129,[3]Sheet1!E:K,6,FALSE) -> 9412810713 | M129: Computer Science | O129: =VLOOKUP(C129,#REF!,12,FALSE) -> #REF!
A130: 129 | B130: Hemant Kumar | C130: 2022441875 | D130: 2201010284 | E130: B-Tech CSE-VI C | F130: =VLOOKUP('2501_MIS '!C130,'[1]Fast Track '!B:K,10,FALSE) -> #N/A | G130: =VLOOKUP(C130,[2]Sheet7!A:D,4,FALSE) -> Promoted | H130: G1 | I130: Dr. Bal Krishna Saraswat | J130: 2022441875.hemant@ug.sharda.ac.in | K130: =VLOOKUP(C130,[3]Sheet1!D:J,6,FALSE) -> 2022441875.rajesh@pt.sharda.ac.in | L130: =VLOOKUP(D130,[3]Sheet1!E:K,6,FALSE) -> 8766227298 | M130: Computer Science | O130: =VLOOKUP(C130,#REF!,12,FALSE) -> #REF!
A131: 130 | B131: Mohammed Saim Khan | C131: 2022815775 | D131: 2201010416 | E131: B-Tech CSE-VI C | F131: =VLOOKUP('2501_MIS '!C131,'[1]Fast Track '!B:K,10,FALSE) -> #N/A | G131: =VLOOKUP(C131,[2]Sheet7!A:D,4,FALSE) -> Promoted | H131: G1 | I131: Dr. Bal Krishna Saraswat | J131: 2022815775.mohammed@ug.sharda.ac.in | K131: =VLOOKUP(C131,[3]Sheet1!D:J,6,FALSE) -> 2022815775.haziqsayeed@pt.sharda.ac.in | L131: =VLOOKUP(D131,[3]Sheet1!E:K,6,FALSE) -> 9773621064 | M131: Computer Science | O131: =VLOOKUP(C131,#REF!,12,FALSE) -> #REF!
A132: 131 | B132: Nishant Kumar | C132: 2022472932 | D132: 2201010477 | E132: B-Tech CSE-VI C | F132: =VLOOKUP('2501_MIS '!C132,'[1]Fast Track '!B:K,10,FALSE) -> #N/A | G132: =VLOOKUP(C132,[2]Sheet7!A:D,4,FALSE) -> Promoted | H132: G1 | I132: Dr. Bal Krishna Saraswat | J132: 2022472932.nishant@ug.sharda.ac.in | K132: =VLOOKUP(C132,[3]Sheet1!D:J,6,FALSE) -> 2022472932.ravinder@pt.sharda.ac.in | L132: =VLOOKUP(D132,[3]Sheet1!E:K,6,FALSE) -> 9310501448 | M132: Computer Science | O132: =VLOOKUP(C132,#REF!,12,FALSE) -> #REF!
A133: 132 | B133: Rayyaan Tasaduq Wani | C133: 2022306733 | D133: 2201010564 | E133: B-Tech CSE-VI C | F133: =VLOOKUP('2501_MIS '!C133,'[1]Fast Track '!B:K,10,FALSE) -> #N/A | G133: =VLOOKUP(C133,[2]Sheet7!A:D,4,FALSE) -> Promoted | H133: G1 | I133: Dr. Bal Krishna Saraswat | J133: 2022306733.rayyaantasaduq@ug.sharda.ac.in | K133: =VLOOKUP(C133,[3]Sheet1!D:J,6,FALSE) -> 2022306733.tasaduqahmad@pt.sharda.ac.in | L133: =VLOOKUP(D133,[3]Sheet1!E:K,6,FALSE) -> 9149764797 | M133: Computer Science | O133: =VLOOKUP(C133,#REF!,12,FALSE) -> #REF!
A134: 133 | B134: Shivam Kumar | C134: 2022437807 | D134: 2201010669 | E134: B-Tech CSE-VI C | F134: =VLOOKUP('2501_MIS '!C134,'[1]Fast Track '!B:K,10,FALSE) -> #N/A | G134: =VLOOKUP(C134,[2]Sheet7!A:D,4,FALSE) -> Promoted | H134: G1 | I134: Dr. Bal Krishna Saraswat | J134: 2022437807.shivam@ug.sharda.ac.in | K134: =VLOOKUP(C134,[3]Sheet1!D:J,6,FALSE) -> 2022437807.arvind@pt.sharda.ac.in | L134: =VLOOKUP(D134,[3]Sheet1!E:K,6,FALSE) -> 8742919690 | M134: Computer Science | O134: =VLOOKUP(C134,#REF!,12,FALSE) -> #REF!
A135: 134 | B135: Swaraj Upreti | C135: 2022005992 | D135: 2201010733 | E135: B-Tech CSE-VI C | F135: =VLOOKUP('2501_MIS '!C135,'[1]Fast Track '!B:K,10,FALSE) -> #N/A | G135: =VLOOKUP(C135,[2]Sheet7!A:D,4,FALSE) -> Promoted | H135: G1 | I135: Dr. Bal Krishna Saraswat | J135: 2022005992.swaraj@ug.sharda.ac.in | K135: =VLOOKUP(C135,[3]Sheet1!D:J,6,FALSE) -> 2022005992.harish@pt.sharda.ac.in | L135: =VLOOKUP(D135,[3]Sheet1!E:K,6,FALSE) -> 9318402815 | M135: Computer Science | O135: =VLOOKUP(C135,#REF!,12,FALSE) -> #REF!
A136: 135 | B136: Vidhi Bansal | C136: 2022608746 | D136: 2201010898 | E136: B-Tech CSE-VI C | F136: =VLOOKUP('2501_MIS '!C136,'[1]Fast Track '!B:K,10,FALSE) -> #N/A | G136: =VLOOKUP(C136,[2]Sheet7!A:D,4,FALSE) -> Promoted | H136: G1 | I136: Dr. Bal Krishna Saraswat | J136: 2022608746.vidhi@ug.sharda.ac.in | K136: =VLOOKUP(C136,[3]Sheet1!D:J,6,FALSE) -> 2022608746.sachin@pt.sharda.ac.in | L136: =VLOOKUP(D136,[3]Sheet1!E:K,6,FALSE) -> 9068356626 | M136: Computer Science | O136: =VLOOKUP(C136,#REF!,12,FALSE) -> #REF!
A137: 136 | B137: Aditya Kartik | C137: 2022410342 | D137: 2201010039 | E137: B-Tech CSE-VI C | F137: =VLOOKUP('2501_MIS '!C137,'[1]Fast Track '!B:K,10,FALSE) -> #N/A | G137: =VLOOKUP(C137,[2]Sheet7!A:D,4,FALSE) -> Promoted | H137: G1 | I137: Dr. Bal Krishna Saraswat | J137: 2022410342.aditya@ug.sharda.ac.in | K137: =VLOOKUP(C137,[3]Sheet1!D:J,6,FALSE) -> 2022410342.shriprakash@pt.sharda.ac.in | L137: =VLOOKUP(D137,[3]Sheet1!E:K,6,FALSE) -> 9122841000 | M137: Computer Science | O137: =VLOOKUP(C137,#REF!,12,FALSE) -> #REF!
A138: 137 | B138: Arpit Arya | C138: 2022544781 | D138: 2201010131 | E138: B-Tech CSE-VI C | F138: =VLOOKUP('2501_MIS '!C138,'[1]Fast Track '!B:K,10,FALSE) -> #N/A | G138: =VLOOKUP(C138,[2]Sheet7!A:D,4,FALSE) -> Promoted | H138: G1 | I138: Dr. Bal Krishna Saraswat | J138: 2022544781.arpit@ug.sharda.ac.in | K138: =VLOOKUP(C138,[3]Sheet1!D:J,6,FALSE) -> 2022544781.chandrashekhar@pt.sharda.ac.in | L138: =VLOOKUP(D138,[3]Sheet1!E:K,6,FALSE) -> 9204633508 | M138: Computer Science | O138: =VLOOKUP(C138,#REF!,12,FALSE) -> #REF!
A139: 138 | B139: Mehran Arsh Hussain | C139: 2022517877 | D139: 2201010401 | E139: B-Tech CSE-VI C | F139: =VLOOKUP('2501_MIS '!C139,'[1]Fast Track '!B:K,10,FALSE) -> #N/A | G139: =VLOOKUP(C139,[2]Sheet7!A:D,4,FALSE) -> Promoted | H139: G1 | I139: Dr. Bal Krishna Saraswat | J139: 2022517877.mehran@ug.sharda.ac.in | K139: =VLOOKUP(C139,[3]Sheet1!D:J,6,FALSE) -> 2022517877.mehboob@pt.sharda.ac.in | L139: =VLOOKUP(D139,[3]Sheet1!E:K,6,FALSE) -> 8218268108 | M139: Computer Science | O139: =VLOOKUP(C139,#REF!,12,FALSE) -> #REF!
A140: 139 | B140: Riya Singh | C140: 2022004737 | D140: 2201010594 | E140: B-Tech CSE-VI C | F140: =VLOOKUP('2501_MIS '!C140,'[1]Fast Track '!B:K,10,FALSE) -> #N/A | G140: =VLOOKUP(C140,[2]Sheet7!A:D,4,FALSE) -> Promoted | H140: G1 | I140: Dr. Bal Krishna Saraswat | J140: 2022004737.riya@ug.sharda.ac.in | K140: =VLOOKUP(C140,[3]Sheet1!D:J,6,FALSE) -> 2022004737.sudhir@pt.sharda.ac.in | L140: =VLOOKUP(D140,[3]Sheet1!E:K,6,FALSE) -> 8700933859 | M140: Computer Science | O140: =VLOOKUP(C140,#REF!,12,FALSE) -> #REF!
... A258: 257 | B258: Zahabiya Hamied | C258: 2022450179 | D258: 2201010826 | E258: B-Tech CSE-VI D | F258: =VLOOKUP('2501_MIS '!C258,'[1]Fast Track '!B:K,10,FALSE) -> #N/A | G258: =VLOOKUP(C258,[2]Sheet7!A:D,4,FALSE) -> Promoted | H258: G2 | I258: Mr. Rashmi Rathi | J258: 2022450179.zahabiya@ug.sharda.ac.in | K258: =VLOOKUP(C258,[3]Sheet1!D:J,6,FALSE) -> 2022450179.abdulhamied@pt.sharda.ac.in | L258: =VLOOKUP(D258,[3]Sheet1!E:K,6,FALSE) -> 8899667050 | M258: Computer Science | O258: =VLOOKUP(C258,#REF!,12,FALSE) -> #REF!
A259: 258 | B259: Arfat Khan | C259: 2022000982 | D259: 2201010125 | E259: B-Tech CSE-VI E | F259: =VLOOKUP('2501_MIS '!C259,'[1]Fast Track '!B:K,10,FALSE) -> #N/A | G259: =VLOOKUP(C259,[2]Sheet7!A:D,4,FALSE) -> Promoted | H259: G1 | I259: Mr. Ravikant Kumar Nirala | J259: 2022000982.arfat@ug.sharda.ac.in | K259: =VLOOKUP(C259,[3]Sheet1!D:J,6,FALSE) -> 2022000982.mdafroz@pt.sharda.ac.in | L259: =VLOOKUP(D259,[3]Sheet1!E:K,6,FALSE) -> 8929586849 | M259: =VLOOKUP(E259,[3]Sheet1!F:L,6,FALSE) -> Computer Science | O259: =VLOOKUP(C259,#REF!,12,FALSE) -> #REF!
A260: 259 | B260: Harsh Chaudhary | C260: 2022476992 | D260: 2201010263 | E260: B-Tech CSE-VI E | F260: =VLOOKUP('2501_MIS '!C260,'[1]Fast Track '!B:K,10,FALSE) -> #N/A | G260: =VLOOKUP(C260,[2]Sheet7!A:D,4,FALSE) -> Promoted | H260: G1 | I260: Mr. Ravikant Kumar Nirala | J260: 2022476992.harsh@ug.sharda.ac.in | K260: =VLOOKUP(C260,[3]Sheet1!D:J,6,FALSE) -> 2022476992.ram@pt.sharda.ac.in | L260: =VLOOKUP(D260,[3]Sheet1!E:K,6,FALSE) -> 7007382747 | M260: =VLOOKUP(E260,[3]Sheet1!F:L,6,FALSE) -> Computer Science | O260: =VLOOKUP(C260,#REF!,12,FALSE) -> #REF!
A261: 260 | B261: Harsh Rastogi | C261: 2022482951 | D261: 2201010270 | E261: B-Tech CSE-VI E | F261: =VLOOKUP('2501_MIS '!C261,'[1]Fast Track '!B:K,10,FALSE) -> #N/A | G261: =VLOOKUP(C261,[2]Sheet7!A:D,4,FALSE) -> Promoted | H261: G1 | I261: Mr. Ravikant Kumar Nirala | J261: 2022482951.harsh@ug.sharda.ac.in | K261: =VLOOKUP(C261,[3]Sheet1!D:J,6,FALSE) -> 2022482951.bobinder@pt.sharda.ac.in | L261: =VLOOKUP(D261,[3]Sheet1!E:K,6,FALSE) -> 8439358060 | M261: =VLOOKUP(E261,[3]Sheet1!F:L,6,FALSE) -> Computer Science | O261: =VLOOKUP(C261,#REF!,12,FALSE) -> #REF!
A262: 261 | B262: Karan Kumar Das | C262: 2022301943 | D262: 2201010318 | E262: B-Tech CSE-VI E | F262: =VLOOKUP('2501_MIS '!C262,'[1]Fast Track '!B:K,10,FALSE) -> #N/A | G262: =VLOOKUP(C262,[2]Sheet7!A:D,4,FALSE) -> Promoted | H262: G1 | I262: Mr. Ravikant Kumar Nirala | J262: 2022301943.karan@ug.sharda.ac.in | K262: =VLOOKUP(C262,[3]Sheet1!D:J,6,FALSE) -> 2022301943.b@pt.sharda.ac.in | L262: =VLOOKUP(D262,[3]Sheet1!E:K,6,FALSE) -> 9205507667 | M262: =VLOOKUP(E262,[3]Sheet1!F:L,6,FALSE) -> Computer Science | O262: =VLOOKUP(C262,#REF!,12,FALSE) -> #REF!
A263: 262 | B263: MD Atif | C263: 2022480728 | D263: 2201010389 | E263: B-Tech CSE-VI E | F263: =VLOOKUP('2501_MIS '!C263,'[1]Fast Track '!B:K,10,FALSE) -> #N/A | G263: =VLOOKUP(C263,[2]Sheet7!A:D,4,FALSE) -> Promoted | H263: G1 | I263: Mr. Ravikant Kumar Nirala | J263: 2022480728.md@ug.sharda.ac.in | K263: =VLOOKUP(C263,[3]Sheet1!D:J,6,FALSE) -> 2022480728.md@pt.sharda.ac.in | L263: =VLOOKUP(D263,[3]Sheet1!E:K,6,FALSE) -> 9717511182 | M263: =VLOOKUP(E263,[3]Sheet1!F:L,6,FALSE) -> Computer Science | O263: =VLOOKUP(C263,#REF!,12,FALSE) -> #REF!
A264: 263 | B264: Prateek Kumar | C264: 2022003695 | D264: 2201010515 | E264: B-Tech CSE-VI E | F264: =VLOOKUP('2501_MIS '!C264,'[1]Fast Track '!B:K,10,FALSE) -> #N/A | G264: =VLOOKUP(C264,[2]Sheet7!A:D,4,FALSE) -> Promoted | H264: G1 | I264: Mr. Ravikant Kumar Nirala | J264: 2022003695.prateek@ug.sharda.ac.in | K264: =VLOOKUP(C264,[3]Sheet1!D:J,6,FALSE) -> 2022003695.anup@pt.sharda.ac.in | L264: =VLOOKUP(D264,[3]Sheet1!E:K,6,FALSE) -> 7903443437 | M264: =VLOOKUP(E264,[3]Sheet1!F:L,6,FALSE) -> Computer Science | O264: =VLOOKUP(C264,#REF!,12,FALSE) -> #REF!
A265: 264 | B265: Riti Kumari | C265: 2022306401 | D265: 2201010585 | E265: B-Tech CSE-VI E | F265: =VLOOKUP('2501_MIS '!C265,'[1]Fast Track '!B:K,10,FALSE) -> #N/A | G265: =VLOOKUP(C265,[2]Sheet7!A:D,4,FALSE) -> Promoted | H265: G1 | I265: Mr. Ravikant Kumar Nirala | J265: 2022306401.riti@ug.sharda.ac.in | K265: =VLOOKUP(C265,[3]Sheet1!D:J,6,FALSE) -> 2022306401.naveen@pt.sharda.ac.in | L265: =VLOOKUP(D265,[3]Sheet1!E:K,6,FALSE) -> 8595590409 | M265: =VLOOKUP(E265,[3]Sheet1!F:L,6,FALSE) -> Computer Science | O265: =VLOOKUP(C265,#REF!,12,FALSE) -> #REF!
A266: 265 | B266: Tanvee Vashist | C266: 2022002431 | D266: 2201010745 | E266: B-Tech CSE-VI E | F266: =VLOOKUP('2501_MIS '!C266,'[1]Fast Track '!B:K,10,FALSE) -> #N/A | G266: =VLOOKUP(C266,[2]Sheet7!A:D,4,FALSE) -> Promoted | H266: G1 | I266: Mr. Ravikant Kumar Nirala | J266: 2022002431.tanvee@ug.sharda.ac.in | K266: =VLOOKUP(C266,[3]Sheet1!D:J,6,FALSE) -> 2022002431.manjesh@pt.sharda.ac.in | L266: =VLOOKUP(D266,[3]Sheet1!E:K,6,FALSE) -> 8851522509 | M266: =VLOOKUP(E266,[3]Sheet1!F:L,6,FALSE) -> Computer Science | O266: =VLOOKUP(C266,#REF!,12,FALSE) -> #REF!
A267: 266 | B267: Ujjwal Gupta | C267: 2022006932 | D267: 2201010834 | E267: B-Tech CSE-VI E | F267: =VLOOKUP('2501_MIS '!C267,'[1]Fast Track '!B:K,10,FALSE) -> #N/A | G267: =VLOOKUP(C267,[2]Sheet7!A:D,4,FALSE) -> Promoted | H267: G1 | I267: Mr. Ravikant Kumar Nirala | J267: 2022006932.ujjwal@ug.sharda.ac.in | K267: =VLOOKUP(C267,[3]Sheet1!D:J,6,FALSE) -> 2022006932.avdesh@pt.sharda.ac.in | L267: =VLOOKUP(D267,[3]Sheet1!E:K,6,FALSE) -> 9310460810 | M267: =VLOOKUP(E267,[3]Sheet1!F:L,6,FALSE) -> Computer Science | O267: =VLOOKUP(C267,#REF!,12,FALSE) -> #REF!
A268: 267 | B268: Vishal Kumar | C268: 2022007788 | D268: 2201010864 | E268: B-Tech CSE-VI E | F268: =VLOOKUP('2501_MIS '!C268,'[1]Fast Track '!B:K,10,FALSE) -> #N/A | G268: =VLOOKUP(C268,[2]Sheet7!A:D,4,FALSE) -> Promoted | H268: G1 | I268: Mr. Ravikant Kumar Nirala | J268: 2022007788.vishal@ug.sharda.ac.in | K268: =VLOOKUP(C268,[3]Sheet1!D:J,6,FALSE) -> 2022007788.ajay@pt.sharda.ac.in | L268: =VLOOKUP(D268,[3]Sheet1!E:K,6,FALSE) -> 8235930751 | M268: =VLOOKUP(E268,[3]Sheet1!F:L,6,FALSE) -> Computer Science | O268: =VLOOKUP(C268,#REF!,12,FALSE) -> #REF!
A269: 268 | B269: Aman Kumar | C269: 2022505059 | D269: 2201010875 | E269: B-Tech CSE-VI E | F269: =VLOOKUP('2501_MIS '!C269,'[1]Fast Track '!B:K,10,FALSE) -> #N/A | G269: =VLOOKUP(C269,[2]Sheet7!A:D,4,FALSE) -> Promoted | H269: G1 | I269: Mr. Ravikant Kumar Nirala | J269: 2022505059.aman@ug.sharda.ac.in | K269: =VLOOKUP(C269,[3]Sheet1!D:J,6,FALSE) -> 2022505059.ashok@pt.sharda.ac.in | L269: =VLOOKUP(D269,[3]Sheet1!E:K,6,FALSE) -> 7903070334 | M269: =VLOOKUP(E269,[3]Sheet1!F:L,6,FALSE) -> Computer Science | O269: =VLOOKUP(C269,#REF!,12,FALSE) -> #REF!
A270: 269 | B270: Avinash Chauhan | C270: 2023322783 | D270: 2301017004 | E270: B-Tech CSE-VI E | F270: =VLOOKUP('2501_MIS '!C270,'[1]Fast Track '!B:K,10,FALSE) -> #N/A | G270: =VLOOKUP(C270,[2]Sheet7!A:D,4,FALSE) -> Promoted | H270: G1 | I270: Mr. Ravikant Kumar Nirala | J270: 2023322783.avinash@ug.sharda.ac.in | K270: =VLOOKUP(C270,[3]Sheet1!D:J,6,FALSE) -> 2023322783.mr@pt.sharda.ac.in | L270: =VLOOKUP(D270,[3]Sheet1!E:K,6,FALSE) -> 9027213643 | M270: =VLOOKUP(E270,[3]Sheet1!F:L,6,FALSE) -> Computer Science | O270: =VLOOKUP(C270,#REF!,12,FALSE) -> #REF!
... A323: 322 | B323: Amit Raj | C323: 2022004659 | D323: 2201010079 | E323: B-Tech CSE-VI E | F323: =VLOOKUP('2501_MIS '!C323,'[1]Fast Track '!B:K,10,FALSE) -> #N/A | G323: =VLOOKUP(C323,[2]Sheet7!A:D,4,FALSE) -> Promoted | H323: G2 | I323: Dr. Mayank Kumar Goyal | J323: 2022004659.amit@ug.sharda.ac.in | K323: =VLOOKUP(C323,[3]Sheet1!D:J,6,FALSE) -> 2022004659.ajay@pt.sharda.ac.in | L323: =VLOOKUP(D323,[3]Sheet1!E:K,6,FALSE) -> 7856816590 | M323: =VLOOKUP(E323,[3]Sheet1!F:L,6,FALSE) -> Computer Science | O323: =VLOOKUP(C323,#REF!,12,FALSE) -> #REF!
A324: 323 | B324: Mohammad Faisal Faizan | C324: 2022497340 | D324: 2201010409 | E324: B-Tech CSE-VI F | F324: =VLOOKUP('2501_MIS '!C324,'[1]Fast Track '!B:K,10,FALSE) -> #N/A | G324: =VLOOKUP(C324,[2]Sheet7!A:D,4,FALSE) -> Promoted | H324: G1 | I324: Ms. Manju Verma | J324: 2022497340.mohammadfaisal@ug.sharda.ac.in | K324: =VLOOKUP(C324,[3]Sheet1!D:J,6,FALSE) -> 2022497340.sk@pt.sharda.ac.in | L324: =VLOOKUP(D324,[3]Sheet1!E:K,6,FALSE) -> 9128944978 | M324: Computer Science | O324: =VLOOKUP(C324,#REF!,12,FALSE) -> #REF!
A325: 324 | B325: Moses Clement Msumi | C325: 2022824586 | D325: 2201010435 | E325: B-Tech CSE-VI F | F325: =VLOOKUP('2501_MIS '!C325,'[1]Fast Track '!B:K,10,FALSE) -> #N/A | G325: =VLOOKUP(C325,[2]Sheet7!A:D,4,FALSE) -> Promoted | H325: G1 | I325: Ms. Manju Verma | J325: 2022824586.moses@ug.sharda.ac.in | K325: =VLOOKUP(C325,[3]Sheet1!D:J,6,FALSE) -> 2022824586.msumi@pt.sharda.ac.in | L325: =VLOOKUP(D325,[3]Sheet1!E:K,6,FALSE) -> 960012907 | M325: Computer Science | O325: =VLOOKUP(C325,#REF!,12,FALSE) -> #REF!
A326: 325 | B326: Pratyush Kanungo | C326: 2022506127 | D326: 2201010521 | E326: B-Tech CSE-VI F | F326: =VLOOKUP('2501_MIS '!C326,'[1]Fast Track '!B:K,10,FALSE) -> #N/A | G326: =VLOOKUP(C326,[2]Sheet7!A:D,4,FALSE) -> Promoted | H326: G1 | I326: Ms. Manju Verma | J326: 2022506127.pratyush@ug.sharda.ac.in | K326: =VLOOKUP(C326,[3]Sheet1!D:J,6,FALSE) -> 2022506127.prasantakumar@pt.sharda.ac.in | L326: =VLOOKUP(D326,[3]Sheet1!E:K,6,FALSE) -> 9315709293 | M326: Computer Science | O326: =VLOOKUP(C326,#REF!,12,FALSE) -> #REF!
A327: 326 | B327: Tanya Mall | C327: 2022005567 | D327: 2201010747 | E327: B-Tech CSE-VI F | F327: =VLOOKUP('2501_MIS '!C327,'[1]Fast Track '!B:K,10,FALSE) -> #N/A | G327: =VLOOKUP(C327,[2]Sheet7!A:D,4,FALSE) -> Promoted | H327: G1 | I327: Ms. Manju Verma | J327: 2022005567.tanya@ug.sharda.ac.in | K327: =VLOOKUP(C327,[3]Sheet1!D:J,6,FALSE) -> 2022005567.rajneeshkumar@pt.sharda.ac.in | L327: =VLOOKUP(D327,[3]Sheet1!E:K,6,FALSE) -> 9415690996 | M327: Computer Science | O327: =VLOOKUP(C327,#REF!,12,FALSE) -> #REF!
A328: 327 | B328: Chetan Raj Singh | C328: 2022003287 | D328: 2201010190 | E328: B-Tech CSE-VI F | F328: =VLOOKUP('2501_MIS '!C328,'[1]Fast Track '!B:K,10,FALSE) -> #N/A | G328: =VLOOKUP(C328,[2]Sheet7!A:D,4,FALSE) -> Promoted | H328: G1 | I328: Ms. Manju Verma | J328: 2022003287.chetan@ug.sharda.ac.in | K328: =VLOOKUP(C328,[3]Sheet1!D:J,6,FALSE) -> 2022003287.chandraveer@pt.sharda.ac.in | L328: =VLOOKUP(D328,[3]Sheet1!E:K,6,FALSE) -> 9119729502 | M328: Computer Science | O328: =VLOOKUP(C328,#REF!,12,FALSE) -> #REF!
A329: 328 | B329: Utkarsh Gupta | C329: 2022307471 | D329: 2201010763 | E329: B-Tech CSE-VI F | F329: =VLOOKUP('2501_MIS '!C329,'[1]Fast Track '!B:K,10,FALSE) -> #N/A | G329: =VLOOKUP(C329,[2]Sheet7!A:D,4,FALSE) -> Promoted | H329: G1 | I329: Ms. Manju Verma | J329: 2022307471.utkarsh@ug.sharda.ac.in | K329: =VLOOKUP(C329,[3]Sheet1!D:J,6,FALSE) -> 2022307471.laxminarayan@pt.sharda.ac.in | L329: =VLOOKUP(D329,[3]Sheet1!E:K,6,FALSE) -> 6394434558 | M329: Computer Science | O329: =VLOOKUP(C329,#REF!,12,FALSE) -> #REF!
A330: 329 | B330: Mr Sarwesh Kumar | C330: 2022006361 | D330: 2201010830 | E330: B-Tech CSE-VI F | F330: =VLOOKUP('2501_MIS '!C330,'[1]Fast Track '!B:K,10,FALSE) -> #N/A | G330: =VLOOKUP(C330,[2]Sheet7!A:D,4,FALSE) -> Promoted | H330: G1 | I330: Ms. Manju Verma | J330: 2022006361.sarwesh@ug.sharda.ac.in | K330: =VLOOKUP(C330,[3]Sheet1!D:J,6,FALSE) -> 2022006361.shyamanand@pt.sharda.ac.in | L330: =VLOOKUP(D330,[3]Sheet1!E:K,6,FALSE) -> 9576657850 | M330: Computer Science | O330: =VLOOKUP(C330,#REF!,12,FALSE) -> #REF!
A331: 330 | B331: Aditya Kumar | C331: 2022591631 | D331: 2201010888 | E331: B-Tech CSE-VI F | F331: =VLOOKUP('2501_MIS '!C331,'[1]Fast Track '!B:K,10,FALSE) -> #N/A | G331: =VLOOKUP(C331,[2]Sheet7!A:D,4,FALSE) -> Promoted | H331: G1 | I331: Ms. Manju Verma | J331: 2022591631.aditya@ug.sharda.ac.in | K331: =VLOOKUP(C331,[3]Sheet1!D:J,6,FALSE) -> 2022591631.ajitkumar@pt.sharda.ac.in | L331: =VLOOKUP(D331,[3]Sheet1!E:K,6,FALSE) -> 7979841252 | M331: Computer Science | O331: =VLOOKUP(C331,#REF!,12,FALSE) -> #REF!
A332: 331 | B332: Aashna Sharma | C332: 2022469915 | D332: 2201010008 | E332: B-Tech CSE-VI F | F332: =VLOOKUP('2501_MIS '!C332,'[1]Fast Track '!B:K,10,FALSE) -> #N/A | G332: =VLOOKUP(C332,[2]Sheet7!A:D,4,FALSE) -> Promoted | H332: G1 | I332: Ms. Manju Verma | J332: 2022469915.aashna@ug.sharda.ac.in | K332: =VLOOKUP(C332,[3]Sheet1!D:J,6,FALSE) -> 2022469915.kailash@pt.sharda.ac.in | L332: =VLOOKUP(D332,[3]Sheet1!E:K,6,FALSE) -> 8700390171 | M332: Computer Science | O332: =VLOOKUP(C332,#REF!,12,FALSE) -> #REF!
A333: 332 | B333: Amritanshu Ranjan | C333: 2022448964 | D333: 2201010080 | E333: B-Tech CSE-VI F | F333: =VLOOKUP('2501_MIS '!C333,'[1]Fast Track '!B:K,10,FALSE) -> #N/A | G333: =VLOOKUP(C333,[2]Sheet7!A:D,4,FALSE) -> Promoted | H333: G1 | I333: Ms. Manju Verma | J333: 2022448964.amritanshu@ug.sharda.ac.in | K333: =VLOOKUP(C333,[3]Sheet1!D:J,6,FALSE) -> 2022448964.rakesh@pt.sharda.ac.in | L333: =VLOOKUP(D333,[3]Sheet1!E:K,6,FALSE) -> 8521759941 | M333: Computer Science | O333: =VLOOKUP(C333,#REF!,12,FALSE) -> #REF!
A334: 333 | B334: Atul Anand | C334: 2022531916 | D334: 2201010163 | E334: B-Tech CSE-VI F | F334: =VLOOKUP('2501_MIS '!C334,'[1]Fast Track '!B:K,10,FALSE) -> #N/A | G334: =VLOOKUP(C334,[2]Sheet7!A:D,4,FALSE) -> Promoted | H334: G1 | I334: Ms. Manju Verma | J334: 2022531916.atul@ug.sharda.ac.in | K334: =VLOOKUP(C334,[3]Sheet1!D:J,6,FALSE) -> 2022531916.anoj@pt.sharda.ac.in | L334: =VLOOKUP(D334,[3]Sheet1!E:K,6,FALSE) -> 6204638315 | M334: Computer Science | O334: =VLOOKUP(C334,#REF!,12,FALSE) -> #REF!
A335: 334 | B335: Deepak Yadav | C335: 2022514536 | D335: 2201010203 | E335: B-Tech CSE-VI F | F335: =VLOOKUP('2501_MIS '!C335,'[1]Fast Track '!B:K,10,FALSE) -> #N/A | G335: =VLOOKUP(C335,[2]Sheet7!A:D,4,FALSE) -> Promoted | H335: G1 | I335: Ms. Manju Verma | J335: 2022514536.deepak@ug.sharda.ac.in | K335: =VLOOKUP(C335,[3]Sheet1!D:J,6,FALSE) -> 2022514536.brij@pt.sharda.ac.in | L335: =VLOOKUP(D335,[3]Sheet1!E:K,6,FALSE) -> 9772621230 | M335: Computer Science | O335: =VLOOKUP(C335,#REF!,12,FALSE) -> #REF!
... A449: 448 | B449: Salman Gazi | C449: 2022001198 | D449: 2201010620 | E449: B-Tech CSE-VI G | F449: =VLOOKUP('2501_MIS '!C449,'[1]Fast Track '!B:K,10,FALSE) -> #N/A | G449: =VLOOKUP(C449,[2]Sheet7!A:D,4,FALSE) -> Promoted | H449: G2 | I449: Ms. Ashu Goyal | J449: 2022001198.salman@ug.sharda.ac.in | K449: =VLOOKUP(C449,[3]Sheet1!D:J,6,FALSE) -> 2022001198.farid@pt.sharda.ac.in | L449: =VLOOKUP(D449,[3]Sheet1!E:K,6,FALSE) -> 960445800 | M449: Computer Science | O449: =VLOOKUP(C449,#REF!,12,FALSE) -> #REF!
A450: 449 | B450: Sumit Pathak | C450: 2022408033 | D450: 2201010723 | E450: B-Tech CSE-VI G | F450: =VLOOKUP('2501_MIS '!C450,'[1]Fast Track '!B:K,10,FALSE) -> #N/A | G450: =VLOOKUP(C450,[2]Sheet7!A:D,4,FALSE) -> Promoted | H450: G2 | I450: Ms. Ashu Goyal | J450: 2022408033.sumit@ug.sharda.ac.in | K450: =VLOOKUP(C450,[3]Sheet1!D:J,6,FALSE) -> 2022408033.prakashchandra@pt.sharda.ac.in | L450: =VLOOKUP(D450,[3]Sheet1!E:K,6,FALSE) -> 9958635595 | O450: =VLOOKUP(C450,#REF!,12,FALSE) -> #REF!
A451: 450 | B451: Sumit Yadav | C451: 2022498602 | D451: 2201010724 | E451: B-Tech CSE-VI G | F451: =VLOOKUP('2501_MIS '!C451,'[1]Fast Track '!B:K,10,FALSE) -> #N/A | G451: =VLOOKUP(C451,[2]Sheet7!A:D,4,FALSE) -> Promoted | H451: G2 | I451: Ms. Ashu Goyal | J451: 2022498602.sumit@ug.sharda.ac.in | K451: =VLOOKUP(C451,[3]Sheet1!D:J,6,FALSE) -> 2022498602.laldev@pt.sharda.ac.in | L451: =VLOOKUP(D451,[3]Sheet1!E:K,6,FALSE) -> 9838391937 | O451: =VLOOKUP(C451,#REF!,12,FALSE) -> #REF!
A452: 451 | B452: Vaibhav Gupta | C452: 2022393356 | D452: 2201010771 | E452: B-Tech CSE-VI G | F452: =VLOOKUP('2501_MIS '!C452,'[1]Fast Track '!B:K,10,FALSE) -> #N/A | G452: =VLOOKUP(C452,[2]Sheet7!A:D,4,FALSE) -> Not Promoted | H452: G2 | I452: Ms. Ashu Goyal | J452: 2022393356.vaibhav@ug.sharda.ac.in | K452: =VLOOKUP(C452,[3]Sheet1!D:J,6,FALSE) -> 2022393356.jaiprakash@pt.sharda.ac.in | L452: =VLOOKUP(D452,[3]Sheet1!E:K,6,FALSE) -> 8810607038 | O452: =VLOOKUP(C452,#REF!,12,FALSE) -> #REF!
A453: 452 | B453: Aaron Moses | C453: 2021316862 | D453: 210101007 | E453: B-Tech CSE-VI H | F453: =VLOOKUP('2501_MIS '!C453,'[1]Fast Track '!B:K,10,FALSE) -> #N/A | G453: =VLOOKUP(C453,[2]Sheet7!A:D,4,FALSE) -> Not Promoted | H453: G1 | I453: Ms. Amita Sharma | J453: 2021316862.aaron@ug.sharda.ac.in | K453: =VLOOKUP(C453,[3]Sheet1!D:J,6,FALSE) -> 2021316862.moses@pt.sharda.ac.in | L453: =VLOOKUP(C453,[3]Sheet1!D:J,7,FALSE) -> 8630390567 | M453: Computer Science | O453: =VLOOKUP(C453,#REF!,12,FALSE) -> #REF!
A454: 453 | B454: Amaan Sajad Mir | C454: 2021301933 | D454: 210101058 | E454: B-Tech CSE-VI H | F454: =VLOOKUP('2501_MIS '!C454,'[1]Fast Track '!B:K,10,FALSE) -> #N/A | G454: =VLOOKUP(C454,[2]Sheet7!A:D,4,FALSE) -> Not Promoted | H454: G1 | I454: Ms. Amita Sharma | J454: 2021301933.amaan@ug.sharda.ac.in | K454: =VLOOKUP(C454,[3]Sheet1!D:J,6,FALSE) -> 2021301933.sajadhussain@pt.sharda.ac.in | L454: =VLOOKUP(C454,[3]Sheet1!D:J,7,FALSE) -> 8899972039 | M454: Computer Science | O454: =VLOOKUP(C454,#REF!,12,FALSE) -> #REF!
A455: 454 | B455: Anil | C455: 2021373068 | D455: 210101077 | E455: B-Tech CSE-VI H | F455: =VLOOKUP('2501_MIS '!C455,'[1]Fast Track '!B:K,10,FALSE) -> #N/A | G455: =VLOOKUP(C455,[2]Sheet7!A:D,4,FALSE) -> Not Promoted | H455: G1 | I455: Ms. Amita Sharma | J455: 2021373068.anil@ug.sharda.ac.in | K455: =VLOOKUP(C455,[3]Sheet1!D:J,6,FALSE) -> 2021373068.dharmbir@pt.sharda.ac.in | L455: =VLOOKUP(C455,[3]Sheet1!D:J,7,FALSE) -> 9991288569 | M455: Computer Science | O455: =VLOOKUP(C455,#REF!,12,FALSE) -> #REF!
A456: 455 | B456: Dharam Priya Gautam | C456: 2021396844 | D456: 210101170 | E456: B-Tech CSE-VI H | F456: =VLOOKUP('2501_MIS '!C456,'[1]Fast Track '!B:K,10,FALSE) -> #N/A | G456: =VLOOKUP(C456,[2]Sheet7!A:D,4,FALSE) -> Not Promoted | H456: G1 | I456: Ms. Amita Sharma | J456: 2021396844.dharam@ug.sharda.ac.in | K456: =VLOOKUP(C456,[3]Sheet1!D:J,6,FALSE) -> 2021396844.rodas@pt.sharda.ac.in | L456: =VLOOKUP(C456,[3]Sheet1!D:J,7,FALSE) -> 8630448878 | M456: Computer Science | O456: =VLOOKUP(C456,#REF!,12,FALSE) -> #REF!
A457: 456 | B457: Ishaan Bisht | C457: 2021447448 | D457: 210101223 | E457: B-Tech CSE-VI H | F457: =VLOOKUP('2501_MIS '!C457,'[1]Fast Track '!B:K,10,FALSE) -> #N/A | G457: =VLOOKUP(C457,[2]Sheet7!A:D,4,FALSE) -> Not Promoted | H457: G1 | I457: Ms. Amita Sharma | J457: 2021447448.ishaan@ug.sharda.ac.in | K457: =VLOOKUP(C457,[3]Sheet1!D:J,6,FALSE) -> 2021447448.yashwant@pt.sharda.ac.in | L457: =VLOOKUP(C457,[3]Sheet1!D:J,7,FALSE) -> 8368539536 | M457: Computer Science | O457: =VLOOKUP(C457,#REF!,12,FALSE) -> #REF!
A458: 457 | B458: Kartik Aggarwal | C458: 2021428834 | D458: 210101239 | E458: B-Tech CSE-VI H | F458: =VLOOKUP('2501_MIS '!C458,'[1]Fast Track '!B:K,10,FALSE) -> #N/A | G458: =VLOOKUP(C458,[2]Sheet7!A:D,4,FALSE) -> Not Promoted | H458: G1 | I458: Ms. Amita Sharma | J458: 2021428834.kartik@ug.sharda.ac.in | K458: =VLOOKUP(C458,[3]Sheet1!D:J,6,FALSE) -> 2021428834.pawan@pt.sharda.ac.in | L458: =VLOOKUP(C458,[3]Sheet1!D:J,7,FALSE) -> 9012402604 | M458: Computer Science | O458: =VLOOKUP(C458,#REF!,12,FALSE) -> #REF!
A459: 458 | B459: Rishabh Rathi | C459: 2021300643 | D459: 210101393 | E459: B-Tech CSE-VI H | F459: =VLOOKUP('2501_MIS '!C459,'[1]Fast Track '!B:K,10,FALSE) -> #N/A | G459: =VLOOKUP(C459,[2]Sheet7!A:D,4,FALSE) -> Not Promoted | H459: G1 | I459: Ms. Amita Sharma | J459: 2021300643.rishabh@ug.sharda.ac.in | K459: =VLOOKUP(C459,[3]Sheet1!D:J,6,FALSE) -> 2021300643.dharmendrasingh@pt.sharda.ac.in | L459: =VLOOKUP(C459,[3]Sheet1!D:J,7,FALSE) -> 9743728086 | M459: Computer Science | O459: =VLOOKUP(C459,#REF!,12,FALSE) -> #REF!
A460: 459 | B460: Kavi Sharma | C460: 2021446146 | D460: 210101241 | E460: B-Tech CSE-VI H | F460: =VLOOKUP('2501_MIS '!C460,'[1]Fast Track '!B:K,10,FALSE) -> #N/A | G460: =VLOOKUP(C460,[2]Sheet7!A:D,4,FALSE) -> Promoted | H460: G1 | I460: Ms. Amita Sharma | J460: 2021446146.kavi@ug.sharda.ac.in | K460: =VLOOKUP(C460,[3]Sheet1!D:J,6,FALSE) -> 2021446146.satish@pt.sharda.ac.in | L460: =VLOOKUP(C460,[3]Sheet1!D:J,7,FALSE) -> 8860341621 | M460: Computer Science | O460: =VLOOKUP(C460,#REF!,12,FALSE) -> #REF!
A461: 460 | B461: Preetish | C461: 2021474998 | D461: 210101366 | E461: B-Tech CSE-VI H | F461: =VLOOKUP('2501_MIS '!C461,'[1]Fast Track '!B:K,10,FALSE) -> #N/A | G461: =VLOOKUP(C461,[2]Sheet7!A:D,4,FALSE) -> Not Promoted | H461: G1 | I461: Ms. Amita Sharma | J461: 2021474998.preetish@ug.sharda.ac.in | K461: =VLOOKUP(C461,[3]Sheet1!D:J,6,FALSE) -> 2021474998.shantanu@pt.sharda.ac.in | L461: =VLOOKUP(C461,[3]Sheet1!D:J,7,FALSE) -> 6204449635 | M461: Computer Science | O461: =VLOOKUP(C461,#REF!,12,FALSE) -> #REF!
A462: 461 | B462: Harshit Gautam | C462: 2023526347 | D462: 2301017007 | E462: B-Tech CSE-VI H | F462: =VLOOKUP('2501_MIS '!C462,'[1]Fast Track '!B:K,10,FALSE) -> #N/A | G462: =VLOOKUP(C462,[2]Sheet7!A:D,4,FALSE) -> Promoted | H462: G2 | I462: Ms. Teena Verma | J462: 2023526347.harshit@ug.sharda.ac.in | K462: =VLOOKUP(C462,[3]Sheet1!D:J,6,FALSE) -> 2023526347.pravendra@pt.sharda.ac.in | L462: =VLOOKUP(D462,[3]Sheet1!E:K,6,FALSE) -> 9639357428 | M462: Computer Science | O462: =VLOOKUP(C462,#REF!,12,FALSE) -> #REF!
A463: 462 | B463: Nikhil Sinha | C463: 2022303213 | D463: 2201010472 | E463: B-Tech CSE-VI H | F463: =VLOOKUP('2501_MIS '!C463,'[1]Fast Track '!B:K,10,FALSE) -> #N/A | G463: =VLOOKUP(C463,[2]Sheet7!A:D,4,FALSE) -> Promoted | H463: G2 | I463: Ms. Teena Verma | J463: 2022303213.nikhil@ug.sharda.ac.in | K463: =VLOOKUP(C463,[3]Sheet1!D:J,6,FALSE) -> 2022303213.arvind@pt.sharda.ac.in | L463: =VLOOKUP(D463,[3]Sheet1!E:K,6,FALSE) -> 8972061400 | M463: Computer Science | O463: =VLOOKUP(C463,#REF!,12,FALSE) -> #REF!
A464: 463 | B464: Aditya Singh | C464: 2022005321 | D464: 2201010051 | E464: B-Tech CSE-VI H | F464: =VLOOKUP('2501_MIS '!C464,'[1]Fast Track '!B:K,10,FALSE) -> #N/A | G464: =VLOOKUP(C464,[2]Sheet7!A:D,4,FALSE) -> Promoted | H464: G1 | I464: Ms. Amita Sharma | J464: 2022005321.aditya@ug.sharda.ac.in | K464: =VLOOKUP(C464,[3]Sheet1!D:J,6,FALSE) -> 2022005321.jitendrakumar@pt.sharda.ac.in | L464: =VLOOKUP(C464,[3]Sheet1!D:J,7,FALSE) -> 9625310230 | M464: Computer Science | O464: =VLOOKUP(C464,#REF!,12,FALSE) -> #REF!
A465: 464 | B465: Alfi Khan | C465: 2022473379 | D465: 2201010070 | E465: B-Tech CSE-VI H | F465: =VLOOKUP('2501_MIS '!C465,'[1]Fast Track '!B:K,10,FALSE) -> #N/A | G465: =VLOOKUP(C465,[2]Sheet7!A:D,4,FALSE) -> Promoted | H465: G1 | I465: Ms. Amita Sharma | J465: 2022473379.alfi@ug.sharda.ac.in | K465: =VLOOKUP(C465,[3]Sheet1!D:J,6,FALSE) -> 2022473379.firoz@pt.sharda.ac.in | L465: =VLOOKUP(C465,[3]Sheet1!D:J,7,FALSE) -> 9031242786 | M465: Computer Science | O465: =VLOOKUP(C465,#REF!,12,FALSE) -> #REF!
A466: 465 | B466: Anshika Tyagi | C466: 2022006171 | D466: 2201010101 | E466: B-Tech CSE-VI H | F466: =VLOOKUP('2501_MIS '!C466,'[1]Fast Track '!B:K,10,FALSE) -> #N/A | G466: =VLOOKUP(C466,[2]Sheet7!A:D,4,FALSE) -> Promoted | H466: G1 | I466: Ms. Amita Sharma | J466: 2022006171.anshika@ug.sharda.ac.in | K466: =VLOOKUP(C466,[3]Sheet1!D:J,6,FALSE) -> 2022006171.anuj@pt.sharda.ac.in | L466: =VLOOKUP(C466,[3]Sheet1!D:J,7,FALSE) -> 8368460852 | M466: Computer Science | O466: =VLOOKUP(C466,#REF!,12,FALSE) -> #REF!
A467: 466 | B467: Arun Kumar Pal | C467: 2022502414 | D467: 2201010132 | E467: B-Tech CSE-VI H | F467: =VLOOKUP('2501_MIS '!C467,'[1]Fast Track '!B:K,10,FALSE) -> #N/A | G467: =VLOOKUP(C467,[2]Sheet7!A:D,4,FALSE) -> Promoted | H467: G1 | I467: Ms. Amita Sharma | J467: 2022502414.arun@ug.sharda.ac.in | K467: =VLOOKUP(C467,[3]Sheet1!D:J,6,FALSE) -> 2022502414.vijay@pt.sharda.ac.in | L467: =VLOOKUP(C467,[3]Sheet1!D:J,7,FALSE) -> 8850205691 | M467: Computer Science | O467: =VLOOKUP(C467,#REF!,12,FALSE) -> #REF!
A468: 467 | B468: Aryan . | C468: 2022329124 | D468: 2201010138 | E468: B-Tech CSE-VI H | F468: =VLOOKUP('2501_MIS '!C468,'[1]Fast Track '!B:K,10,FALSE) -> #N/A | G468: =VLOOKUP(C468,[2]Sheet7!A:D,4,FALSE) -> Promoted | H468: G1 | I468: Ms. Amita Sharma | J468: 2022329124.aryan@ug.sharda.ac.in | K468: =VLOOKUP(C468,[3]Sheet1!D:J,6,FALSE) -> 2022329124.satendra@pt.sharda.ac.in | L468: =VLOOKUP(C468,[3]Sheet1!D:J,7,FALSE) -> 8755465044 | M468: Computer Science | O468: =VLOOKUP(C468,#REF!,12,FALSE) -> #REF!
A469: 468 | B469: Bharat Nagar | C469: 2022557408 | D469: 2201010176 | E469: B-Tech CSE-VI H | F469: =VLOOKUP('2501_MIS '!C469,'[1]Fast Track '!B:K,10,FALSE) -> #N/A | G469: =VLOOKUP(C469,[2]Sheet7!A:D,4,FALSE) -> Promoted | H469: G1 | I469: Ms. Amita Sharma | J469: 2022557408.bharat@ug.sharda.ac.in | K469: =VLOOKUP(C469,[3]Sheet1!D:J,6,FALSE) -> 2022557408.shri@pt.sharda.ac.in | L469: =VLOOKUP(C469,[3]Sheet1!D:J,7,FALSE) -> 9999771597 | M469: Computer Science | O469: =VLOOKUP(C469,#REF!,12,FALSE) -> #REF!
A470: 469 | B470: Daksh Pal | C470: 2022535159 | D470: 2201010197 | E470: B-Tech CSE-VI H | F470: =VLOOKUP('2501_MIS '!C470,'[1]Fast Track '!B:K,10,FALSE) -> #N/A | G470: =VLOOKUP(C470,[2]Sheet7!A:D,4,FALSE) -> Not Promoted | H470: G1 | I470: Ms. Amita Sharma | J470: 2022535159.daksh@ug.sharda.ac.in | K470: =VLOOKUP(C470,[3]Sheet1!D:J,6,FALSE) -> 2022535159.pawankumar@pt.sharda.ac.in | L470: =VLOOKUP(C470,[3]Sheet1!D:J,7,FALSE) -> 9812003005 | M470: Computer Science | O470: =VLOOKUP(C470,#REF!,12,FALSE) -> #REF!
A471: 470 | B471: Devansh Jha | C471: 2022003043 | D471: 2201010209 | E471: B-Tech CSE-VI H | F471: =VLOOKUP('2501_MIS '!C471,'[1]Fast Track '!B:K,10,FALSE) -> #N/A | G471: =VLOOKUP(C471,[2]Sheet7!A:D,4,FALSE) -> Promoted | H471: G1 | I471: Ms. Amita Sharma | J471: 2022003043.devansh@ug.sharda.ac.in | K471: =VLOOKUP(C471,[3]Sheet1!D:J,6,FALSE) -> 2022003043.mantreshwar@pt.sharda.ac.in | L471: =VLOOKUP(C471,[3]Sheet1!D:J,7,FALSE) -> 8630225086 | M471: Computer Science | O471: =VLOOKUP(C471,#REF!,12,FALSE) -> #REF!
A472: 471 | B472: Harshvardhan Sinha | C472: 2022505448 | D472: 2201010283 | E472: B-Tech CSE-VI H | F472: =VLOOKUP('2501_MIS '!C472,'[1]Fast Track '!B:K,10,FALSE) -> #N/A | G472: =VLOOKUP(C472,[2]Sheet7!A:D,4,FALSE) -> Promoted | H472: G1 | I472: Ms. Amita Sharma | J472: 2022505448.harshvardhan@ug.sharda.ac.in | K472: =VLOOKUP(C472,[3]Sheet1!D:J,6,FALSE) -> 2022505448.shreekant@pt.sharda.ac.in | L472: =VLOOKUP(C472,[3]Sheet1!D:J,7,FALSE) -> 7017959380 | M472: Computer Science | O472: =VLOOKUP(C472,#REF!,12,FALSE) -> #REF!
...

Sheet Sheet1
A1: Batch Name | B1: Sl No. | C1: Student Name | D1: Student System ID | E1: Student Roll No. | F1: New Section | G1: Program Name | H1: Student Email ID | I1: Parent mail id | J1: contact number | K1: Specialization | L1: Job Role Interest-1 | M1: Job Role Interest-2 | N1: Interested for Job(Yes/No) | S1: PE3 | T1: PE4 | U1: PE5
A2: DSAIML-L1 | B2: 2402 | C2: Anutosh Mishra | D2: 2021308861 | E2: 210101102 | F2: B-Tech CSE-VI A | G2: Bachelor of Technology | H2: 2021308861.anutosh@ug.sharda.ac.in | I2: 2021308861.ashutoshkumar@pt.sharda.ac.in | J2: 9936777552 | K2: Computer Science | L2: Machine Learning Engineer | M2: Full Stack Developer(Spring Boot) | N2: YES | O2: CSE353 | R2: HMM305 | S2: PE3 | T2: PE4 | U2: PE5 | V2: VAT013 | W2: OE-3 | X2: ARP306 | Y2: CSP353 | Z2: CSP396 | AA2: CSP390
A3: DSAIML-L1 | B3: 2402 | C3: Garv Sharma | D3: 2021529806 | E3: 210101190 | F3: B-Tech CSE-VI A | G3: Bachelor of Technology | H3: 2021529806.garv@ug.sharda.ac.in | I3: 2021529806.santosh@pt.sharda.ac.in | J3: 9711552459 | K3: Computer Science | L3: Software Developer | M3: Machine Learning Engineer | N3: YES | O3: CSE353 | R3: HMM305 | S3: PE3 | T3: PE4 | U3: PE5 | V3: VAT013 | W3: OE-3 | X3: ARP306 | Y3: CSP353 | Z3: CSP396 | AA3: CSP390
A4: DSAIML-L1 | B4: 2402 | C4: Nandani Chaudhary | D4: 2021828405 | E4: 210101591 | F4: B-Tech CSE-VI A | G4: Bachelor of Technology | H4: 2021828405.nandani@ug.sharda.ac.in | I4: 2021828405.ramananda@pt.sharda.ac.in | J4: 8130538380 | K4: Computer Science | L4: Data Scientist | M4: Cyber Security Analyst | N4: YES | O4: CSE353 | R4: HMM305 | S4: PE3 | T4: PE4 | U4: PE5 | V4: VAT013 | W4: OE-3 | X4: ARP306 | Y4: CSP353 | Z4: CSP396 | AA4: CSP390
A5: DSAIML-L1 | B5: 2402 | C5: Farheen Khan | D5: 2021000009 | E5: 210121021 | F5: B-Tech CSE-VI A | G5: Bachelor of Technology | H5: 2021000009.farheen@ug.sharda.ac.in | I5: 2021000009.asad@pt.sharda.ac.in | J5: 9599543010 | K5: Computer Science | L5: Software Developer | M5: Cyber Security Analyst | N5: YES | O5: CSE353 | R5: HMM305 | S5: PE3 | T5: PE4 | U5: PE5 | V5: VAT013 | W5: OE-3 | X5: ARP306 | Y5: CSP353 | Z5: CSP396 | AA5: CSP390
A6: DSAIML-L1 | B6: 2402 | C6: Abhiraj Singh | D6: 2022579515 | E6: 2201010023 | F6: B-Tech CSE-VI A | G6: Bachelor of Technology | H6: 2022579515.abhiraj@ug.sharda.ac.in | I6: 2022579515.vijaykumar@pt.sharda.ac.in | J6: 8826793887 | K6: Computer Science | L6: Data Scientist | M6: Machine Learning Engineer | N6: YES | O6: CSE353 | R6: HMM305 | S6: PE3 | T6: PE4 | U6: PE5 | V6: VAT013 | W6: OE-3 | X6: ARP306 | Y6: CSP353 | Z6: CSP396 | AA6: CSP390
A7: DSAIML-L1 | B7: 2402 | C7: Aman Sinha | D7: 2022534811 | E7: 2201010078 | F7: B-Tech CSE-VI A | G7: Bachelor of Technology | H7: 2022534811.aman@ug.sharda.ac.in | I7: 2022534811.rajeshkumar@pt.sharda.ac.in | J7: 7319641049 | K7: Computer Science | L7: Software Developer | M7: Data Scientist | N7: NO | O7: CSE353 | R7: HMM305 | S7: PE3 | T7: PE4 | U7: PE5 | V7: VAT013 | W7: OE-3 | X7: ARP306 | Y7: CSP353 | Z7: CSP396 | AA7: CSP390
A8: DSAIML-L1 | B8: 2402 | C8: Ansh Shrivastav | D8: 2022475156 | E8: 2201010099 | F8: B-Tech CSE-VI A | G8: Bachelor of Technology | H8: 2022475156.ansh@ug.sharda.ac.in | I8: 2022475156.dhananjay@pt.sharda.ac.in | J8: 8789919805 | K8: Computer Science | L8: Machine Learning Engineer | M8: Machine Learning Engineer | N8: YES | O8: CSE353 | R8: HMM305 | S8: PE3 | T8: PE4 | U8: PE5 | V8: VAT013 | W8: OE-3 | X8: ARP306 | Y8: CSP353 | Z8: CSP396 | AA8: CSP390
A9: DSAIML-L1 | B9: 2402 | C9: Anuj Rawat | D9: 2022394343 | E9: 2201010111 | F9: B-Tech CSE-VI A | G9: Bachelor of Technology | H9: 2022394343.anuj@ug.sharda.ac.in | I9: 2022394343.anandsingh@pt.sharda.ac.in | J9: 8126133363 | K9: Computer Science | L9: Data Scientist | M9: Software Developer | N9: YES | O9: CSE353 | R9: HMM305 | S9: PE3 | T9: PE4 | U9: PE5 | V9: VAT013 | W9: OE-3 | X9: ARP306 | Y9: CSP353 | Z9: CSP396 | AA9: CSP390
A10: DSAIML-L1 | B10: 2402 | C10: Arbaz Ahmed | D10: 2022006308 | E10: 2201010121 | F10: B-Tech CSE-VI A | G10: Bachelor of Technology | H10: 2022006308.arbaz@ug.sharda.ac.in | I10: 2022006308.asad@pt.sharda.ac.in | J10: 7300577335 | K10: Computer Science | L10: Software Developer | M10: Machine Learning Engineer | N10: YES | O10: CSE353 | R10: HMM305 | S10: PE3 | T10: PE4 | U10: PE5 | V10: VAT013 | W10: OE-3 | X10: ARP306 | Y10: CSP353 | Z10: CSP396 | AA10: CSP390
A11: DSAIML-L1 | B11: 2402 | C11: Atithi Negi | D11: 2022438604 | E11: 2201010162 | F11: B-Tech CSE-VI A | G11: Bachelor of Technology | H11: 2022438604.atithi@ug.sharda.ac.in | I11: 2022438604.kundansingh@pt.sharda.ac.in | J11: 8920297350 | K11: Computer Science | L11: Software Developer | M11: Data Scientist | N11: YES | O11: CSE353 | R11: HMM305 | S11: PE3 | T11: PE4 | U11: PE5 | V11: VAT013 | W11: OE-3 | X11: ARP306 | Y11: CSP353 | Z11: CSP396 | AA11: CSP390
A12: DSAIML-L1 | B12: 2402 | C12: Basharat Hassan | D12: 2022521926 | E12: 2201010175 | F12: B-Tech CSE-VI A | G12: Bachelor of Technology | H12: 2022521926.basharat@ug.sharda.ac.in | I12: 2022521926.ghulamhassan@pt.sharda.ac.in | J12: 8899544845 | K12: Computer Science | L12: Machine Learning Engineer | M12: Cyber Security Analyst | N12: NO | O12: CSE353 | R12: HMM305 | S12: PE3 | T12: PE4 | U12: PE5 | V12: VAT013 | W12: OE-3 | X12: ARP306 | Y12: CSP353 | Z12: CSP396 | AA12: CSP390
A13: DSAIML-L1 | B13: 2402 | C13: Bhoomi Sharma | D13: 2022325232 | E13: 2201010178 | F13: B-Tech CSE-VI A | G13: Bachelor of Technology | H13: 2022325232.bhoomi@ug.sharda.ac.in | I13: 2022325232.latesuneet@pt.sharda.ac.in | J13: 9717628588 | K13: Computer Science | L13: Data Scientist | M13: Cloud Engineer | N13: YES | O13: CSE353 | R13: HMM305 | S13: PE3 | T13: PE4 | U13: PE5 | V13: VAT013 | W13: OE-3 | X13: ARP306 | Y13: CSP353 | Z13: CSP396 | AA13: CSP390
... A27: DSAIML-L1 | B27: 2402 | C27: Rakshit Garg | D27: 2022563106 | E27: 2201010558 | F27: B-Tech CSE-VI A | G27: Bachelor of Technology | H27: 2022563106.rakshit@ug.sharda.ac.in | I27: 2022563106.sanjaykumar@pt.sharda.ac.in | J27: 8929565652 | K27: Computer Science | L27: Machine Learning Engineer | M27: Cyber Security Analyst | N27: YES | O27: CSE353 | R27: HMM305 | S27: PE3 | T27: PE4 | U27: PE5 | V27: VAT013 | W27: OE-3 | X27: ARP306 | Y27: CSP353 | Z27: CSP396 | AA27: CSP390
A28: DSAIML-L1 | B28: 2402 | C28: Rohan Srivastava | D28: 2022506102 | E28: 2201010597 | F28: B-Tech CSE-VI A | G28: Bachelor of Technology | H28: 2022506102.rohan@ug.sharda.ac.in | I28: 2022506102.santoshkumar@pt.sharda.ac.in | J28: 8887501600 | K28: Computer Science | L28: #N/A | M28: #N/A | N28: #N/A | O28: CSE353 | R28: HMM305 | S28: PE3 | T28: PE4 | U28: PE5 | V28: VAT013 | W28: OE-3 | X28: ARP306 | Y28: CSP353 | Z28: CSP396 | AA28: CSP390
A29: DSAIML-L1 | B29: 2402 | C29: Rudra Pratap Tomar | D29: 2022478036 | E29: 2201010605 | F29: B-Tech CSE-VI A | G29: Bachelor of Technology | H29: 2022478036.rudra@ug.sharda.ac.in | I29: 2022478036.ajay@pt.sharda.ac.in | J29: 9358584820 | K29: Computer Science | L29: Software Developer | M29: Full Stack Developer(Spring Boot) | N29: YES | O29: CSE353 | R29: HMM305 | S29: PE3 | T29: PE4 | U29: PE5 | V29: VAT013 | W29: OE-3 | X29: ARP306 | Y29: CSP353 | Z29: CSP396 | AA29: CSP390
A30: DSAIML-L1 | B30: 2402 | C30: Sanket Sharma | D30: 2022344264 | E30: 2201010634 | F30: B-Tech CSE-VI A | G30: Bachelor of Technology | H30: 2022344264.sanket@ug.sharda.ac.in | I30: 2022344264.krishna@pt.sharda.ac.in | J30: 9899045081 | K30: Computer Science | L30: Software Developer | M30: Cyber Security Analyst | N30: YES | O30: CSE353 | R30: HMM305 | S30: PE3 | T30: PE4 | U30: PE5 | V30: VAT013 | W30: OE-3 | X30: ARP306 | Y30: CSP353 | Z30: CSP396 | AA30: CSP390
A31: DSAIML-L1 | B31: 2402 | C31: Sanskriti Verma | D31: 2022004547 | E31: 2201010635 | F31: B-Tech CSE-VI A | G31: Bachelor of Technology | H31: 2022004547.sanskriti@ug.sharda.ac.in | I31: 2022004547.sanjay@pt.sharda.ac.in | J31: 7011428007 | K31: Computer Science | L31: Machine Learning Engineer | M31: Software Developer | N31: YES | O31: CSE353 | R31: HMM305 | S31: PE3 | T31: PE4 | U31: PE5 | V31: VAT013 | W31: OE-3 | X31: ARP306 | Y31: CSP353 | Z31: CSP396 | AA31: CSP390
A32: DSAIML-L1 | B32: 2402 | C32: Saumya Suman | D32: 2022438521 | E32: 2201010646 | F32: B-Tech CSE-VI A | G32: Bachelor of Technology | H32: 2022438521.saumya@ug.sharda.ac.in | I32: 2022438521.lateshankar@pt.sharda.ac.in | J32: 7979996286 | K32: Computer Science | L32: Software Developer | M32: Data Scientist | N32: YES | O32: CSE353 | R32: HMM305 | S32: PE3 | T32: PE4 | U32: PE5 | V32: VAT013 | W32: OE-3 | X32: ARP306 | Y32: CSP353 | Z32: CSP396 | AA32: CSP390
A33: DSAIML-L1 | B33: 2402 | C33: Shaurya Singh | D33: 2022006789 | E33: 2201010661 | F33: B-Tech CSE-VI A | G33: Bachelor of Technology | H33: 2022006789.shaurya@ug.sharda.ac.in | I33: 2022006789.kishan@pt.sharda.ac.in | J33: 8750854190 | K33: Computer Science | L33: Machine Learning Engineer | M33: Android Developer | N33: YES | O33: CSE353 | R33: HMM305 | S33: PE3 | T33: PE4 | U33: PE5 | V33: VAT013 | W33: OE-3 | X33: ARP306 | Y33: CSP353 | Z33: CSP396 | AA33: CSP390
A34: DSAIML-L1 | B34: 2402 | C34: Shivam Kaintyura | D34: 2022472720 | E34: 2201010668 | F34: B-Tech CSE-VI A | G34: Bachelor of Technology | H34: 2022472720.shivam@ug.sharda.ac.in | I34: 2022472720.brijmohan@pt.sharda.ac.in | J34: 9458354480 | K34: Computer Science | L34: Full Stack Developer(Spring Boot) | M34: Software Developer | N34: YES | O34: CSE353 | R34: HMM305 | S34: PE3 | T34: PE4 | U34: PE5 | V34: VAT013 | W34: OE-3 | X34: ARP306 | Y34: CSP353 | Z34: CSP396 | AA34: CSP390
A35: DSAIML-L1 | B35: 2402 | C35: Shivam Kumar | D35: 2022577110 | E35: 2201010671 | F35: B-Tech CSE-VI A | G35: Bachelor of Technology | H35: 2022577110.shivam@ug.sharda.ac.in | I35: 2022577110.udayshankar@pt.sharda.ac.in | J35: 9508885660 | K35: Computer Science | L35: Software Developer | M35: Machine Learning Engineer | N35: YES | O35: CSE353 | R35: HMM305 | S35: PE3 | T35: PE4 | U35: PE5 | V35: VAT013 | W35: OE-3 | X35: ARP306 | Y35: CSP353 | Z35: CSP396 | AA35: CSP390
A36: DSAIML-L1 | B36: 2402 | C36: Shivam Yadav | D36: 2022432518 | E36: 2201010676 | F36: B-Tech CSE-VI A | G36: Bachelor of Technology | H36: 2022432518.shivam@ug.sharda.ac.in | I36: 2022432518.pramodkumar@pt.sharda.ac.in | J36: 7983413394 | K36: Computer Science | L36: Software Developer | M36: Full Stack Developer(Spring Boot) | N36: YES | O36: CSE353 | R36: HMM305 | S36: PE3 | T36: PE4 | U36: PE5 | V36: VAT013 | W36: OE-3 | X36: ARP306 | Y36: CSP353 | Z36: CSP396 | AA36: CSP390
A37: DSAIML-L1 | B37: 2402 | C37: Shobhit Agrawal | D37: 2022512360 | E37: 2201010681 | F37: B-Tech CSE-VI A | G37: Bachelor of Technology | H37: 2022512360.shobhit@ug.sharda.ac.in | I37: 2022512360.ramprasad@pt.sharda.ac.in | J37: 7651937775 | K37: Computer Science | L37: Data Scientist | M37: Software Developer | N37: YES | O37: CSE353 | R37: HMM305 | S37: PE3 | T37: PE4 | U37: PE5 | V37: VAT013 | W37: OE-3 | X37: ARP306 | Y37: CSP353 | Z37: CSP396 | AA37: CSP390
A38: DSAIML-L1 | B38: 2402 | C38: Shreyal Gupta | D38: 2022004756 | E38: 2201010684 | F38: B-Tech CSE-VI A | G38: Bachelor of Technology | H38: 2022004756.shreyal@ug.sharda.ac.in | I38: 2022004756.manish@pt.sharda.ac.in | J38: 8439840461 | K38: Computer Science | L38: Software Developer | M38: Full Stack Developer(Spring Boot) | N38: YES | O38: CSE353 | R38: HMM305 | S38: PE3 | T38: PE4 | U38: PE5 | V38: VAT013 | W38: OE-3 | X38: ARP306 | Y38: CSP353 | Z38: CSP396 | AA38: CSP390
A39: DSAIML-L1 | B39: 2402 | C39: Shubhojit Sen | D39: 2022520978 | E39: 2201010693 | F39: B-Tech CSE-VI A | G39: Bachelor of Technology | H39: 2022520978.shubhojit@ug.sharda.ac.in | I39: 2022520978.abhijit@pt.sharda.ac.in | J39: 7080050607 | K39: Computer Science | L39: Software Developer | M39: Machine Learning Engineer | N39: YES | O39: CSE353 | R39: HMM305 | S39: PE3 | T39: PE4 | U39: PE5 | V39: VAT013 | W39: OE-3 | X39: ARP306 | Y39: CSP353 | Z39: CSP396 | AA39: CSP390
A40: DSAIML-L1 | B40: 2402 | C40: Suhail Nazir Taili | D40: 2022003913 | E40: 2201010718 | F40: B-Tech CSE-VI A | G40: Bachelor of Technology | H40: 2022003913.suhail@ug.sharda.ac.in | I40: 2022003913.nazirahmad@pt.sharda.ac.in | J40: 7006837134 | K40: Computer Science | L40: Cloud Engineer | M40: Data Scientist | N40: YES | O40: CSE353 | R40: HMM305 | S40: PE3 | T40: PE4 | U40: PE5 | V40: VAT013 | W40: OE-3 | X40: ARP306 | Y40: CSP353 | Z40: CSP396 | AA40: CSP390
... A63: DSAIML-L1 | B63: 2402 | C63: Tauhid Hashmi | D63: 2023500162 | E63: 2301017020 | F63: B-Tech CSE-VI A | G63: Bachelor of Technology | H63: 2023500162.tauhid@ug.sharda.ac.in | I63: 2023500162.roshan@pt.sharda.ac.in | J63: 9305783117 | K63: Computer Science | L63: Full Stack Developer(MERN Stack) | M63: Android Developer | N63: YES | O63: CSE353 | R63: HMM305 | S63: PE3 | T63: PE4 | U63: PE5 | V63: VAT013 | W63: OE-3 | X63: ARP306 | Y63: CSP353 | Z63: CSP396 | AA63: CSP390
A64: DSAIML-L1 | B64: 2402 | C64: Abhishek Chaudhary | D64: 2021479763 | E64: 210101025 | F64: B-Tech CSE-VI A | G64: Bachelor of Technology | H64: 2021479763.abhishek@ug.sharda.ac.in | I64: 2021479763.virendra@pt.sharda.ac.in | J64: 9140907009 | K64: Computer Science | O64: CSE353 | R64: HMM305 | S64: PE3 | T64: PE4 | U64: PE5 | V64: VAT013 | W64: OE-3 | X64: ARP306 | Y64: CSP353 | Z64: CSP396 | AA64: CSP390
A65: DSAIML-L1 | B65: 2402 | C65: Ankit kumar | D65: 2024389953 | F65: B-Tech CSE-VI A | G65: Bachelor of Technology | H65: 0 | I65: 0 | J65: 9693101494 | K65: Computer Science | O65: CSE353 | R65: HMM305 | S65: PE3 | T65: PE4 | U65: PE5 | V65: VAT013 | W65: OE-3 | X65: ARP306 | Y65: CSP353 | Z65: CSP396 | AA65: CSP390
A66: Cyber Security-L1 | B66: 2402 | C66: Tarun Patel | D66: 2019005675 | E66: 190101319 | F66: B-Tech CSE-VI B | G66: Bachelor of Technology | I66: 0 | J66: 0 | K66: Computer Science | O66: CSE353 | R66: HMM305 | S66: PE3 | T66: PE4 | U66: PE5 | V66: VAT013 | W66: OE-3 | X66: ARP306 | Y66: CSP353 | Z66: CSP396 | AA66: CSP390
A67: Cyber Security-L1 | B67: 2402 | C67: Mohammad Aatif Quamre | D67: 2020516582 | E67: 200101181 | F67: B-Tech CSE-VI B | G67: Bachelor of Technology | I67: 0 | J67: 9319072044 | K67: Computer Science | O67: CSE353 | R67: HMM305 | S67: PE3 | T67: PE4 | U67: PE5 | V67: VAT013 | W67: OE-3 | X67: ARP306 | Y67: CSP353 | Z67: CSP396 | AA67: CSP390
A68: Cyber Security-L1 | B68: 2402 | C68: Aditi Tiwari | D68: 2021378869 | E68: 210101036 | F68: B-Tech CSE-VI B | G68: Bachelor of Technology | I68: 2021378869.lakshmipati@pt.sharda.ac.in | J68: 7718237260 | K68: Computer Science | O68: CSE353 | R68: HMM305 | S68: PE3 | T68: PE4 | U68: PE5 | V68: VAT013 | W68: OE-3 | X68: ARP306 | Y68: CSP353 | Z68: CSP396 | AA68: CSP390
A69: Cyber Security-L1 | B69: 2402 | C69: Azeem Malik | D69: 2021420120 | E69: 210101143 | F69: B-Tech CSE-VI B | G69: Bachelor of Technology | H69: 2021420120.azeem@ug.sharda.ac.in | I69: 2021420120.shahid@pt.sharda.ac.in | J69: 7417337133 | K69: Computer Science | L69: #N/A | M69: #N/A | N69: #N/A | O69: CSE353 | R69: HMM305 | S69: PE3 | T69: PE4 | U69: PE5 | V69: VAT013 | W69: OE-3 | X69: ARP306 | Y69: CSP353 | Z69: CSP396 | AA69: CSP390
A70: Cyber Security-L1 | B70: 2402 | C70: Rinjal Sagar | D70: 2021003785 | E70: 210101586 | F70: B-Tech CSE-VI B | G70: Bachelor of Technology | H70: 2021003785.rinjal@ug.sharda.ac.in | I70: 2021003785.lalitkumar@pt.sharda.ac.in | J70: 9871907908 | K70: Computer Science | L70: #N/A | M70: #N/A | N70: #N/A | O70: CSE353 | R70: HMM305 | S70: PE3 | T70: PE4 | U70: PE5 | V70: VAT013 | W70: OE-3 | X70: ARP306 | Y70: CSP353 | Z70: CSP396 | AA70: CSP390
A71: Cyber Security-L1 | B71: 2402 | C71: A Vishwam Rao | D71: 2022003574 | E71: 2201010001 | F71: B-Tech CSE-VI B | G71: Bachelor of Technology | H71: 2022003574.a@ug.sharda.ac.in | I71: 2022003574.rupesh@pt.sharda.ac.in | J71: 9971308744 | K71: Computer Science | L71: Software Developer | M71: Software Developer | N71: YES | O71: CSE353 | R71: HMM305 | S71: PE3 | T71: PE4 | U71: PE5 | V71: VAT013 | W71: OE-3 | X71: ARP306 | Y71: CSP353 | Z71: CSP396 | AA71: CSP390
A72: Cyber Security-L1 | B72: 2402 | C72: Abhinay Singh Rawat | D72: 2022360529 | E72: 2201010022 | F72: B-Tech CSE-VI B | G72: Bachelor of Technology | H72: 2022360529.abhinay@ug.sharda.ac.in | I72: 2022360529.harishchandra@pt.sharda.ac.in | J72: 7300965989 | K72: Computer Science | L72: Cyber Security Analyst | M72: Android Developer | N72: YES | O72: CSE353 | R72: HMM305 | S72: PE3 | T72: PE4 | U72: PE5 | V72: VAT013 | W72: OE-3 | X72: ARP306 | Y72: CSP353 | Z72: CSP396 | AA72: CSP390
A73: Cyber Security-L1 | B73: 2402 | C73: Ankit Yadav | D73: 2022538932 | E73: 2201010096 | F73: B-Tech CSE-VI B | G73: Bachelor of Technology | H73: 2022538932.ankit@ug.sharda.ac.in | I73: 2022538932.chandrej@pt.sharda.ac.in | J73: 9625789885 | K73: Computer Science | L73: Cyber Security Analyst | M73: Data Scientist | N73: NO | O73: CSE353 | R73: HMM305 | S73: PE3 | T73: PE4 | U73: PE5 | V73: VAT013 | W73: OE-3 | X73: ARP306 | Y73: CSP353 | Z73: CSP396 | AA73: CSP390
A74: Cyber Security-L1 | B74: 2402 | C74: Anshuman Singh | D74: 2022002787 | E74: 2201010105 | F74: B-Tech CSE-VI B | G74: Bachelor of Technology | H74: 2022002787.anshuman@ug.sharda.ac.in | I74: 2022002787.ramprakash@pt.sharda.ac.in | J74: 8707433483 | K74: Computer Science | L74: Software Developer | M74: Full Stack Developer(MERN Stack) | N74: NO | O74: CSE353 | R74: HMM305 | S74: PE3 | T74: PE4 | U74: PE5 | V74: VAT013 | W74: OE-3 | X74: ARP306 | Y74: CSP353 | Z74: CSP396 | AA74: CSP390
A75: Cyber Security-L1 | B75: 2402 | C75: Anushka Kashyap | D75: 2022005229 | E75: 2201010115 | F75: B-Tech CSE-VI B | G75: Bachelor of Technology | H75: 2022005229.anushka@ug.sharda.ac.in | I75: 2022005229.sohanlal@pt.sharda.ac.in | J75: 7827845687 | K75: Computer Science | L75: Cyber Security Analyst | M75: Full Stack Developer(Spring Boot) | N75: YES | O75: CSE353 | R75: HMM305 | S75: PE3 | T75: PE4 | U75: PE5 | V75: VAT013 | W75: OE-3 | X75: ARP306 | Y75: CSP353 | Z75: CSP396 | AA75: CSP390
A76: Cyber Security-L1 | B76: 2402 | C76: Aryan Rattan Trakroo | D76: 2022419571 | E76: 2201010146 | F76: B-Tech CSE-VI B | G76: Bachelor of Technology | H76: 2022419571.aryan@ug.sharda.ac.in | I76: 2022419571.sanjaybharat@pt.sharda.ac.in | J76: 9779994998 | K76: Computer Science | L76: Software Developer | M76: Full Stack Developer(Spring Boot) | N76: YES | O76: CSE353 | R76: HMM305 | S76: PE3 | T76: PE4 | U76: PE5 | V76: VAT013 | W76: OE-3 | X76: ARP306 | Y76: CSP353 | Z76: CSP396 | AA76: CSP390
A77: Cyber Security-L1 | B77: 2402 | C77: Bolla Manoj Sai | D77: 2022433389 | E77: 2201010183 | F77: B-Tech CSE-VI B | G77: Bachelor of Technology | H77: 2022433389.bolla@ug.sharda.ac.in | I77: 2022433389.bollanvssambasiva@pt.sharda.ac.in | J77: 9492465566 | K77: Computer Science | L77: #N/A | M77: #N/A | N77: #N/A | O77: CSE353 | R77: HMM305 | S77: PE3 | T77: PE4 | U77: PE5 | V77: VAT013 | W77: OE-3 | X77: ARP306 | Y77: CSP353 | Z77: CSP396 | AA77: CSP390
A78: Cyber Security-L1 | B78: 2402 | C78: Brahmtej Mohanty | D78: 2022002578 | E78: 2201010184 | F78: B-Tech CSE-VI B | G78: Bachelor of Technology | H78: 2022002578.brahmtej@ug.sharda.ac.in | I78: 2022002578.bibhutibhushan@pt.sharda.ac.in | J78: 7735324362 | K78: Computer Science | L78: Software Developer | M78: Full Stack Developer(MERN Stack) | N78: NO | O78: CSE353 | R78: HMM305 | S78: PE3 | T78: PE4 | U78: PE5 | V78: VAT013 | W78: OE-3 | X78: ARP306 | Y78: CSP353 | Z78: CSP396 | AA78: CSP390
A79: Cyber Security-L1 | B79: 2402 | C79: Chirag Pathak | D79: 2022005228 | E79: 2201010194 | F79: B-Tech CSE-VI B | G79: Bachelor of Technology | H79: 2022005228.chirag@ug.sharda.ac.in | I79: 2022005228.sampurnanand@pt.sharda.ac.in | J79: 9267929004 | K79: Computer Science | L79: Cyber Security Analyst | M79: Full Stack Developer(Spring Boot) | N79: YES | O79: CSE353 | R79: HMM305 | S79: PE3 | T79: PE4 | U79: PE5 | V79: VAT013 | W79: OE-3 | X79: ARP306 | Y79: CSP353 | Z79: CSP396 | AA79: CSP390
A80: Cyber Security-L1 | B80: 2402 | C80: Danish Kamal | D80: 2022349970 | E80: 2201010201 | F80: B-Tech CSE-VI B | G80: Bachelor of Technology | H80: 2022349970.danish@ug.sharda.ac.in | I80: 2022349970.manzoor@pt.sharda.ac.in | J80: 9873222919 | K80: Computer Science | L80: Cyber Security Analyst | M80: Software Developer | N80: YES | O80: CSE353 | R80: HMM305 | S80: PE3 | T80: PE4 | U80: PE5 | V80: VAT013 | W80: OE-3 | X80: ARP306 | Y80: CSP353 | Z80: CSP396 | AA80: CSP390
A81: Cyber Security-L1 | B81: 2402 | C81: Hameem Yaseen | D81: 2022565603 | E81: 2201010257 | F81: B-Tech CSE-VI B | G81: Bachelor of Technology | H81: 2022565603.hameem@ug.sharda.ac.in | I81: 2022565603.mohammad@pt.sharda.ac.in | J81: 9906660583 | K81: Computer Science | L81: Software Developer | M81: Full Stack Developer(Spring Boot) | N81: YES | O81: CSE353 | R81: HMM305 | S81: PE3 | T81: PE4 | U81: PE5 | V81: VAT013 | W81: OE-3 | X81: ARP306 | Y81: CSP353 | Z81: CSP396 | AA81: CSP390
A82: Cyber Security-L1 | B82: 2402 | C82: Jabir Luqman Ismail | D82: 2022804425 | E82: 2201010297 | F82: B-Tech CSE-VI B | G82: Bachelor of Technology | H82: 2022804425.jabir@ug.sharda.ac.in | I82: 2022804425.ismail@pt.sharda.ac.in | J82: 91 9711260822 | K82: Computer Science | L82: Cyber Security Analyst | M82: Cyber Security Analyst | N82: NO | O82: CSE353 | R82: HMM305 | S82: PE3 | T82: PE4 | U82: PE5 | V82: VAT013 | W82: OE-3 | X82: ARP306 | Y82: CSP353 | Z82: CSP396 | AA82: CSP390
A83: Cyber Security-L1 | B83: 2402 | C83: Kadam Pathak | D83: 2022003231 | E83: 2201010312 | F83: B-Tech CSE-VI B | G83: Bachelor of Technology | H83: 2022003231.kadam@ug.sharda.ac.in | I83: 2022003231.ashok@pt.sharda.ac.in | J83: 9670105704 | K83: Computer Science | L83: Cyber Security Analyst | M83: Full Stack Developer(MERN Stack) | N83: YES | O83: CSE353 | R83: HMM305 | S83: PE3 | T83: PE4 | U83: PE5 | V83: VAT013 | W83: OE-3 | X83: ARP306 | Y83: CSP353 | Z83: CSP396 | AA83: CSP390
A84: Cyber Security-L1 | B84: 2402 | C84: Kritika Rawat | D84: 2022004681 | E84: 2201010339 | F84: B-Tech CSE-VI B | G84: Bachelor of Technology | H84: 2022004681.kritika@ug.sharda.ac.in | I84: 2022004681.ganeshsingh@pt.sharda.ac.in | J84: 9311608930 | K84: Computer Science | L84: Cyber Security Analyst | M84: Cloud Engineer | N84: YES | O84: CSE353 | R84: HMM305 | S84: PE3 | T84: PE4 | U84: PE5 | V84: VAT013 | W84: OE-3 | X84: ARP306 | Y84: CSP353 | Z84: CSP396 | AA84: CSP390
A85: Cyber Security-L1 | B85: 2402 | C85: Kunal Singh Yadav | D85: 2022455169 | E85: 2201010348 | F85: B-Tech CSE-VI B | G85: Bachelor of Technology | H85: 2022455169.kunal@ug.sharda.ac.in | I85: 2022455169.vishal@pt.sharda.ac.in | J85: 8429045577 | K85: Computer Science | L85: Cyber Security Analyst | M85: Full Stack Developer(Spring Boot) | N85: YES | O85: CSE353 | R85: HMM305 | S85: PE3 | T85: PE4 | U85: PE5 | V85: VAT013 | W85: OE-3 | X85: ARP306 | Y85: CSP353 | Z85: CSP396 | AA85: CSP390
A86: Cyber Security-L1 | B86: 2402 | C86: Lakshay Bhatnagar | D86: 2022507647 | E86: 2201010353 | F86: B-Tech CSE-VI B | G86: Bachelor of Technology | H86: 2022507647.lakshay@ug.sharda.ac.in | I86: 2022507647.dinesh@pt.sharda.ac.in | J86: 8448777978 | K86: Computer Science | L86: Cyber Security Analyst | M86: Software Developer | N86: YES | O86: CSE353 | R86: HMM305 | S86: PE3 | T86: PE4 | U86: PE5 | V86: VAT013 | W86: OE-3 | X86: ARP306 | Y86: CSP353 | Z86: CSP396 | AA86: CSP390
A87: Cyber Security-L1 | B87: 2402 | C87: Lavanya Jain | D87: 2022384000 | E87: 2201010357 | F87: B-Tech CSE-VI B | G87: Bachelor of Technology | H87: 2022384000.lavanya@ug.sharda.ac.in | I87: 2022384000.pramodkumar@pt.sharda.ac.in | J87: 7011772322 | K87: Computer Science | L87: Cyber Security Analyst | M87: Cyber Security Analyst | N87: YES | O87: CSE353 | R87: HMM305 | S87: PE3 | T87: PE4 | U87: PE5 | V87: VAT013 | W87: OE-3 | X87: ARP306 | Y87: CSP353 | Z87: CSP396 | AA87: CSP390
A88: Cyber Security-L1 | B88: 2402 | C88: Lovkesh Chauhan | D88: 2022462273 | E88: 2201010360 | F88: B-Tech CSE-VI B | G88: Bachelor of Technology | H88: 2022462273.lovkesh@ug.sharda.ac.in | I88: 2022462273.daulat@pt.sharda.ac.in | J88: 9891452413 | K88: Computer Science | L88: Full Stack Developer(Spring Boot) | M88: Machine Learning Engineer | N88: YES | O88: CSE353 | R88: HMM305 | S88: PE3 | T88: PE4 | U88: PE5 | V88: VAT013 | W88: OE-3 | X88: ARP306 | Y88: CSP353 | Z88: CSP396 | AA88: CSP390
A89: Cyber Security-L1 | B89: 2402 | C89: Manish Kumar Ray | D89: 2022308623 | E89: 2201010372 | F89: B-Tech CSE-VI B | G89: Bachelor of Technology | H89: 2022308623.manish@ug.sharda.ac.in | I89: 2022308623.muneshwar@pt.sharda.ac.in | J89: 9113385495 | K89: Computer Science | L89: Cyber Security Analyst | M89: Software Developer | N89: YES | O89: CSE353 | R89: HMM305 | S89: PE3 | T89: PE4 | U89: PE5 | V89: VAT013 | W89: OE-3 | X89: ARP306 | Y89: CSP353 | Z89: CSP396 | AA89: CSP390
... A128: Cyber Security-L1 | B128: 2402 | C128: Harshit Gautam | D128: 2023526347 | E128: 2301017007 | F128: B-Tech CSE-VI B | G128: Bachelor of Technology | H128: 2023526347.harshit@ug.sharda.ac.in | I128: 2023526347.pravendra@pt.sharda.ac.in | J128: 9639357428 | K128: Computer Science | L128: Cyber Security Analyst | M128: Data Scientist | N128: YES | O128: CSE353 | R128: HMM305 | S128: PE3 | T128: PE4 | U128: PE5 | V128: VAT013 | W128: OE-3 | X128: ARP306 | Y128: CSP353 | Z128: CSP396 | AA128: CSP390
A129: FSD-MERN-L1 | B129: 2402 | C129: Siddharth Kundu | D129: 2021463218 | E129: 210101493 | F129: B-Tech CSE-VI C | G129: Bachelor of Technology | H129: 2021463218.siddharth@ug.sharda.ac.in | I129: 2021463218.sushanta@pt.sharda.ac.in | J129: 9832307047 | K129: Computer Science | L129: #N/A | M129: #N/A | N129: #N/A | O129: CSE353 | R129: HMM305 | S129: PE3 | T129: PE4 | U129: PE5 | V129: VAT013 | W129: OE-3 | X129: ARP306 | Y129: CSP353 | Z129: CSP396 | AA129: CSP390
A130: FSD-MERN-L1 | B130: 2402 | C130: Abhinav Pandey | D130: 2022509625 | E130: 2201010018 | F130: B-Tech CSE-VI C | G130: Bachelor of Technology | H130: 2022509625.abhinav@ug.sharda.ac.in | I130: 2022509625.bhuwanchandra@pt.sharda.ac.in | J130: 9873301731 | K130: Computer Science | L130: Full Stack Developer(MERN Stack) | M130: Cyber Security Analyst | N130: YES | O130: CSE353 | R130: HMM305 | S130: PE3 | T130: PE4 | U130: PE5 | V130: VAT013 | W130: OE-3 | X130: ARP306 | Y130: CSP353 | Z130: CSP396 | AA130: CSP390
A131: FSD-MERN-L1 | B131: 2402 | C131: Al Zabir | D131: 2022344459 | E131: 2201010069 | F131: B-Tech CSE-VI C | G131: Bachelor of Technology | H131: 2022344459.al@ug.sharda.ac.in | I131: 2022344459.foraj@pt.sharda.ac.in | J131: 6002934584 | K131: Computer Science | L131: Full Stack Developer(MERN Stack) | M131: Software Developer | N131: YES | O131: CSE353 | R131: HMM305 | S131: PE3 | T131: PE4 | U131: PE5 | V131: VAT013 | W131: OE-3 | X131: ARP306 | Y131: CSP353 | Z131: CSP396 | AA131: CSP390
A132: FSD-MERN-L1 | B132: 2402 | C132: Apoorv Vikram Singh | D132: 2022448509 | E132: 2201010118 | F132: B-Tech CSE-VI C | G132: Bachelor of Technology | H132: 2022448509.apoorv@ug.sharda.ac.in | I132: 2022448509.chandraprakash@pt.sharda.ac.in | J132: 9044002858 | K132: Computer Science | L132: Full Stack Developer(MERN Stack) | M132: Full Stack Developer(MERN Stack) | N132: YES | O132: CSE353 | R132: HMM305 | S132: PE3 | T132: PE4 | U132: PE5 | V132: VAT013 | W132: OE-3 | X132: ARP306 | Y132: CSP353 | Z132: CSP396 | AA132: CSP390
A133: FSD-MERN-L1 | B133: 2402 | C133: Aradhya Mittal | D133: 2022480934 | E133: 2201010119 | F133: B-Tech CSE-VI C | G133: Bachelor of Technology | H133: 2022480934.aradhya@ug.sharda.ac.in | I133: 2022480934.sanjivkumar@pt.sharda.ac.in | J133: 9412810713 | K133: Computer Science | L133: Full Stack Developer(MERN Stack) | M133: Machine Learning Engineer | N133: YES | O133: CSE353 | R133: HMM305 | S133: PE3 | T133: PE4 | U133: PE5 | V133: VAT013 | W133: OE-3 | X133: ARP306 | Y133: CSP353 | Z133: CSP396 | AA133: CSP390
A134: FSD-MERN-L1 | B134: 2402 | C134: Arfat Khan | D134: 2022000982 | E134: 2201010125 | F134: B-Tech CSE-VI C | G134: Bachelor of Technology | H134: 2022000982.arfat@ug.sharda.ac.in | I134: 2022000982.mdafroz@pt.sharda.ac.in | J134: 8929586849 | K134: Computer Science | L134: Software Developer | M134: Data Scientist | N134: YES | O134: CSE353 | R134: HMM305 | S134: PE3 | T134: PE4 | U134: PE5 | V134: VAT013 | W134: OE-3 | X134: ARP306 | Y134: CSP353 | Z134: CSP396 | AA134: CSP390
A135: FSD-MERN-L1 | B135: 2402 | C135: Aryan Verma | D135: 2022506074 | E135: 2201010150 | F135: B-Tech CSE-VI C | G135: Bachelor of Technology | H135: 2022506074.aryan@ug.sharda.ac.in | I135: 2022506074.rajeev@pt.sharda.ac.in | J135: 8595724282 | K135: Computer Science | L135: Full Stack Developer(MERN Stack) | M135: Software Developer | N135: YES | O135: CSE353 | R135: HMM305 | S135: PE3 | T135: PE4 | U135: PE5 | V135: VAT013 | W135: OE-3 | X135: ARP306 | Y135: CSP353 | Z135: CSP396 | AA135: CSP390
A136: FSD-MERN-L1 | B136: 2402 | C136: Asmit Kumar | D136: 2022446378 | E136: 2201010160 | F136: B-Tech CSE-VI C | G136: Bachelor of Technology | H136: 2022446378.asmit@ug.sharda.ac.in | I136: 2022446378.arun@pt.sharda.ac.in | J136: 6201817713 | K136: Computer Science | L136: Software Developer | M136: Android Developer | N136: YES | O136: CSE353 | R136: HMM305 | S136: PE3 | T136: PE4 | U136: PE5 | V136: VAT013 | W136: OE-3 | X136: ARP306 | Y136: CSP353 | Z136: CSP396 | AA136: CSP390
A137: FSD-MERN-L1 | B137: 2402 | C137: Deepali Singh | D137: 2022462663 | E137: 2201010204 | F137: B-Tech CSE-VI C | G137: Bachelor of Technology | H137: 2022462663.deepali@ug.sharda.ac.in | I137: 2022462663.naurang@pt.sharda.ac.in | J137: 9350536399 | K137: Computer Science | L137: Software Developer | M137: Cyber Security Analyst | N137: YES | O137: CSE353 | R137: HMM305 | S137: PE3 | T137: PE4 | U137: PE5 | V137: VAT013 | W137: OE-3 | X137: ARP306 | Y137: CSP353 | Z137: CSP396 | AA137: CSP390
A138: FSD-MERN-L1 | B138: 2402 | C138: Divyansh Singh | D138: 2022487133 | E138: 2201010227 | F138: B-Tech CSE-VI C | G138: Bachelor of Technology | H138: 2022487133.divyansh@ug.sharda.ac.in | I138: 2022487133.bhudeo@pt.sharda.ac.in | J138: 7253008620 | K138: Computer Science | L138: Software Developer | M138: Full Stack Developer(MERN Stack) | N138: YES | O138: CSE353 | R138: HMM305 | S138: PE3 | T138: PE4 | U138: PE5 | V138: VAT013 | W138: OE-3 | X138: ARP306 | Y138: CSP353 | Z138: CSP396 | AA138: CSP390
A139: FSD-MERN-L1 | B139: 2402 | C139: Harsh Chaudhary | D139: 2022476992 | E139: 2201010263 | F139: B-Tech CSE-VI C | G139: Bachelor of Technology | H139: 2022476992.harsh@ug.sharda.ac.in | I139: 2022476992.ram@pt.sharda.ac.in | J139: 7007382747 | K139: Computer Science | L139: Cloud Engineer | M139: Software Developer | N139: YES | O139: CSE353 | R139: HMM305 | S139: PE3 | T139: PE4 | U139: PE5 | V139: VAT013 | W139: OE-3 | X139: ARP306 | Y139: CSP353 | Z139: CSP396 | AA139: CSP390
A140: FSD-MERN-L1 | B140: 2402 | C140: Harsh Rastogi | D140: 2022482951 | E140: 2201010270 | F140: B-Tech CSE-VI C | G140: Bachelor of Technology | H140: 2022482951.harsh@ug.sharda.ac.in | I140: 2022482951.bobinder@pt.sharda.ac.in | J140: 8439358060 | K140: Computer Science | L140: Software Developer | M140: Full Stack Developer(MERN Stack) | N140: YES | O140: CSE353 | R140: HMM305 | S140: PE3 | T140: PE4 | U140: PE5 | V140: VAT013 | W140: OE-3 | X140: ARP306 | Y140: CSP353 | Z140: CSP396 | AA140: CSP390
A141: FSD-MERN-L1 | B141: 2402 | C141: Hemant Kumar | D141: 2022441875 | E141: 2201010284 | F141: B-Tech CSE-VI C | G141: Bachelor of Technology | H141: 2022441875.hemant@ug.sharda.ac.in | I141: 2022441875.rajesh@pt.sharda.ac.in | J141: 8766227298 | K141: Computer Science | L141: Full Stack Developer(MERN Stack) | M141: Full Stack Developer(Spring Boot) | N141: YES | O141: CSE353 | R141: HMM305 | S141: PE3 | T141: PE4 | U141: PE5 | V141: VAT013 | W141: OE-3 | X141: ARP306 | Y141: CSP353 | Z141: CSP396 | AA141: CSP390
... A171: FSD-MERN-L1 | B171: 2402 | C171: Shiwangi . | D171: 2022506607 | E171: 2201010680 | F171: B-Tech CSE-VI C | G171: Bachelor of Technology | H171: 2022506607.shiwangi@ug.sharda.ac.in | I171: 2022506607.shyamnath@pt.sharda.ac.in | J171: 7903140320 | K171: Computer Science | L171: Full Stack Developer(MERN Stack) | M171: Android Developer | N171: YES | O171: CSE353 | R171: HMM305 | S171: PE3 | T171: PE4 | U171: PE5 | V171: VAT013 | W171: OE-3 | X171: ARP306 | Y171: CSP353 | Z171: CSP396 | AA171: CSP390
A172: FSD-MERN-L1 | B172: 2402 | C172: Shourya Sharma | D172: 2022414495 | E172: 2201010682 | F172: B-Tech CSE-VI C | G172: Bachelor of Technology | H172: 2022414495.shourya@ug.sharda.ac.in | I172: 2022414495.anil@pt.sharda.ac.in | J172: 8929988090 | K172: Computer Science | L172: #N/A | M172: #N/A | N172: #N/A | O172: CSE353 | R172: HMM305 | S172: PE3 | T172: PE4 | U172: PE5 | V172: VAT013 | W172: OE-3 | X172: ARP306 | Y172: CSP353 | Z172: CSP396 | AA172: CSP390
A173: FSD-MERN-L1 | B173: 2402 | C173: Swaraj Upreti | D173: 2022005992 | E173: 2201010733 | F173: B-Tech CSE-VI C | G173: Bachelor of Technology | H173: 2022005992.swaraj@ug.sharda.ac.in | I173: 2022005992.harish@pt.sharda.ac.in | J173: 9318402815 | K173: Computer Science | L173: Software Developer | M173: Software Developer | N173: YES | O173: CSE353 | R173: HMM305 | S173: PE3 | T173: PE4 | U173: PE5 | V173: VAT013 | W173: OE-3 | X173: ARP306 | Y173: CSP353 | Z173: CSP396 | AA173: CSP390
A174: FSD-MERN-L1 | B174: 2402 | C174: Tanvee Vashist | D174: 2022002431 | E174: 2201010745 | F174: B-Tech CSE-VI C | G174: Bachelor of Technology | H174: 2022002431.tanvee@ug.sharda.ac.in | I174: 2022002431.manjesh@pt.sharda.ac.in | J174: 8851522509 | K174: Computer Science | L174: Data Scientist | M174: Machine Learning Engineer | N174: YES | O174: CSE353 | R174: HMM305 | S174: PE3 | T174: PE4 | U174: PE5 | V174: VAT013 | W174: OE-3 | X174: ARP306 | Y174: CSP353 | Z174: CSP396 | AA174: CSP390
A175: FSD-MERN-L1 | B175: 2402 | C175: Tanya Mall | D175: 2022005567 | E175: 2201010747 | F175: B-Tech CSE-VI C | G175: Bachelor of Technology | H175: 2022005567.tanya@ug.sharda.ac.in | I175: 2022005567.rajneeshkumar@pt.sharda.ac.in | J175: 9415690996 | K175: Computer Science | L175: Software Developer | M175: Android Developer | N175: YES | O175: CSE353 | R175: HMM305 | S175: PE3 | T175: PE4 | U175: PE5 | V175: VAT013 | W175: OE-3 | X175: ARP306 | Y175: CSP353 | Z175: CSP396 | AA175: CSP390
A176: FSD-MERN-L1 | B176: 2402 | C176: Uday B Thakur | D176: 2022418998 | E176: 2201010756 | F176: B-Tech CSE-VI C | G176: Bachelor of Technology | H176: 2022418998.uday@ug.sharda.ac.in | I176: 2022418998.inder@pt.sharda.ac.in | J176: 8076622787 | K176: Computer Science | L176: Software Developer | M176: Machine Learning Engineer | N176: NO | O176: CSE353 | R176: HMM305 | S176: PE3 | T176: PE4 | U176: PE5 | V176: VAT013 | W176: OE-3 | X176: ARP306 | Y176: CSP353 | Z176: CSP396 | AA176: CSP390
A177: FSD-MERN-L1 | B177: 2402 | C177: Utkarsh Gupta | D177: 2022307471 | E177: 2201010763 | F177: B-Tech CSE-VI C | G177: Bachelor of Technology | H177: 2022307471.utkarsh@ug.sharda.ac.in | I177: 2022307471.laxminarayan@pt.sharda.ac.in | J177: 6394434558 | K177: Computer Science | L177: Android Developer | M177: Full Stack Developer(MERN Stack) | N177: YES | O177: CSE353 | R177: HMM305 | S177: PE3 | T177: PE4 | U177: PE5 | V177: VAT013 | W177: OE-3 | X177: ARP306 | Y177: CSP353 | Z177: CSP396 | AA177: CSP390
A178: FSD-MERN-L1 | B178: 2402 | C178: Utkarsh Kumar | D178: 2022005062 | E178: 2201010764 | F178: B-Tech CSE-VI C | G178: Bachelor of Technology | H178: 2022005062.utkarsh@ug.sharda.ac.in | I178: 2022005062.varunpratap@pt.sharda.ac.in | J178: 9058561411 | K178: Computer Science | L178: Full Stack Developer(MERN Stack) | M178: Software Developer | N178: YES | O178: CSE353 | R178: HMM305 | S178: PE3 | T178: PE4 | U178: PE5 | V178: VAT013 | W178: OE-3 | X178: ARP306 | Y178: CSP353 | Z178: CSP396 | AA178: CSP390
A179: FSD-MERN-L1 | B179: 2402 | C179: Vaibhav Dhor | D179: 2022003889 | E179: 2201010770 | F179: B-Tech CSE-VI C | G179: Bachelor of Technology | H179: 2022003889.vaibhav@ug.sharda.ac.in | I179: 2022003889.subhash@pt.sharda.ac.in | J179: 9034265709 | K179: Computer Science | L179: Full Stack Developer(Spring Boot) | M179: Software Developer | N179: YES | O179: CSE353 | R179: HMM305 | S179: PE3 | T179: PE4 | U179: PE5 | V179: VAT013 | W179: OE-3 | X179: ARP306 | Y179: CSP353 | Z179: CSP396 | AA179: CSP390
A180: FSD-MERN-L1 | B180: 2402 | C180: Vanshika Gupta | D180: 2022511135 | E180: 2201010774 | F180: B-Tech CSE-VI C | G180: Bachelor of Technology | H180: 2022511135.vanshika@ug.sharda.ac.in | I180: 2022511135.ajaykumar@pt.sharda.ac.in | J180: 8887729889 | K180: Computer Science | L180: Full Stack Developer(MERN Stack) | M180: Android Developer | N180: YES | O180: CSE353 | R180: HMM305 | S180: PE3 | T180: PE4 | U180: PE5 | V180: VAT013 | W180: OE-3 | X180: ARP306 | Y180: CSP353 | Z180: CSP396 | AA180: CSP390
A181: FSD-MERN-L1 | B181: 2402 | C181: Vats Raj Kashyap | D181: 2022004757 | E181: 2201010779 | F181: B-Tech CSE-VI C | G181: Bachelor of Technology | H181: 2022004757.vats@ug.sharda.ac.in | I181: 2022004757.pramod@pt.sharda.ac.in | J181: 8210881736 | K181: Computer Science | L181: Full Stack Developer(MERN Stack) | M181: Software Developer | N181: YES | O181: CSE353 | R181: HMM305 | S181: PE3 | T181: PE4 | U181: PE5 | V181: VAT013 | W181: OE-3 | X181: ARP306 | Y181: CSP353 | Z181: CSP396 | AA181: CSP390
A182: FSD-MERN-L1 | B182: 2402 | C182: Vishal Suryan | D182: 2022498812 | E182: 2201010796 | F182: B-Tech CSE-VI C | G182: Bachelor of Technology | H182: 2022498812.vishal@ug.sharda.ac.in | I182: 2022498812.mukesh@pt.sharda.ac.in | J182: 9910261441 | K182: Computer Science | L182: Full Stack Developer(MERN Stack) | M182: Software Developer | N182: YES | O182: CSE353 | R182: HMM305 | S182: PE3 | T182: PE4 | U182: PE5 | V182: VAT013 | W182: OE-3 | X182: ARP306 | Y182: CSP353 | Z182: CSP396 | AA182: CSP390
A183: FSD-MERN-L1 | B183: 2402 | C183: Vivek Gupta | D183: 2022527904 | E183: 2201010799 | F183: B-Tech CSE-VI C | G183: Bachelor of Technology | H183: 2022527904.vivek@ug.sharda.ac.in | I183: 2022527904.tarkeshwarprasad@pt.sharda.ac.in | J183: 7001523353 | K183: Computer Science | L183: #N/A | M183: #N/A | N183: #N/A | O183: CSE353 | R183: HMM305 | S183: PE3 | T183: PE4 | U183: PE5 | V183: VAT013 | W183: OE-3 | X183: ARP306 | Y183: CSP353 | Z183: CSP396 | AA183: CSP390
A184: FSD-MERN-L1 | B184: 2402 | C184: Mr Sarwesh Kumar | D184: 2022006361 | E184: 2201010830 | F184: B-Tech CSE-VI C | G184: Bachelor of Technology | H184: 2022006361.sarwesh@ug.sharda.ac.in | I184: 2022006361.shyamanand@pt.sharda.ac.in | J184: 9576657850 | K184: Computer Science | L184: Software Developer | M184: Cloud Engineer | N184: YES | O184: CSE353 | R184: HMM305 | S184: PE3 | T184: PE4 | U184: PE5 | V184: VAT013 | W184: OE-3 | X184: ARP306 | Y184: CSP353 | Z184: CSP396 | AA184: CSP390
A185: FSD-MERN-L1 | B185: 2402 | C185: Ujjwal Gupta | D185: 2022006932 | E185: 2201010834 | F185: B-Tech CSE-VI C | G185: Bachelor of Technology | H185: 2022006932.ujjwal@ug.sharda.ac.in | I185: 2022006932.avdesh@pt.sharda.ac.in | J185: 9310460810 | K185: Computer Science | L185: Software Developer | M185: Cyber Security Analyst | N185: YES | O185: CSE353 | R185: HMM305 | S185: PE3 | T185: PE4 | U185: PE5 | V185: VAT013 | W185: OE-3 | X185: ARP306 | Y185: CSP353 | Z185: CSP396 | AA185: CSP390
A186: FSD-MERN-L1 | B186: 2402 | C186: Vishal Kumar | D186: 2022007788 | E186: 2201010864 | F186: B-Tech CSE-VI C | G186: Bachelor of Technology | H186: 2022007788.vishal@ug.sharda.ac.in | I186: 2022007788.ajay@pt.sharda.ac.in | J186: 8235930751 | K186: Computer Science | L186: Software Developer | M186: Full Stack Developer(MERN Stack) | N186: YES | O186: CSE353 | R186: HMM305 | S186: PE3 | T186: PE4 | U186: PE5 | V186: VAT013 | W186: OE-3 | X186: ARP306 | Y186: CSP353 | Z186: CSP396 | AA186: CSP390
A187: FSD-MERN-L1 | B187: 2402 | C187: Aman Kumar | D187: 2022505059 | E187: 2201010875 | F187: B-Tech CSE-VI C | G187: Bachelor of Technology | H187: 2022505059.aman@ug.sharda.ac.in | I187: 2022505059.ashok@pt.sharda.ac.in | J187: 7903070334 | K187: Computer Science | L187: Software Developer | M187: Android Developer | N187: YES | O187: CSE353 | R187: HMM305 | S187: PE3 | T187: PE4 | U187: PE5 | V187: VAT013 | W187: OE-3 | X187: ARP306 | Y187: CSP353 | Z187: CSP396 | AA187: CSP390
A188: FSD-MERN-L1 | B188: 2402 | C188: Aditya Kumar | D188: 2022591631 | E188: 2201010888 | F188: B-Tech CSE-VI C | G188: Bachelor of Technology | H188: 2022591631.aditya@ug.sharda.ac.in | I188: 2022591631.ajitkumar@pt.sharda.ac.in | J188: 7979841252 | K188: Computer Science | L188: Software Developer | M188: Machine Learning Engineer | N188: YES | O188: CSE353 | R188: HMM305 | S188: PE3 | T188: PE4 | U188: PE5 | V188: VAT013 | W188: OE-3 | X188: ARP306 | Y188: CSP353 | Z188: CSP396 | AA188: CSP390
A189: FSD-MERN-L1 | B189: 2402 | C189: Vidhi Bansal | D189: 2022608746 | E189: 2201010898 | F189: B-Tech CSE-VI C | G189: Bachelor of Technology | H189: 2022608746.vidhi@ug.sharda.ac.in | I189: 2022608746.sachin@pt.sharda.ac.in | J189: 9068356626 | K189: Computer Science | L189: Testing Engineer | M189: Full Stack Developer(MERN Stack) | N189: YES | O189: CSE353 | R189: HMM305 | S189: PE3 | T189: PE4 | U189: PE5 | V189: VAT013 | W189: OE-3 | X189: ARP306 | Y189: CSP353 | Z189: CSP396 | AA189: CSP390
A190: FSD-MERN-L1 | B190: 2402 | C190: Raikindi Sravan Kumar | D190: 2022614550 | E190: 2201010901 | F190: B-Tech CSE-VI C | G190: Bachelor of Technology | H190: 2022614550.raikindi@ug.sharda.ac.in | I190: 2022614550.raikindi@pt.sharda.ac.in | J190: 8639664896 | K190: Computer Science | L190: Full Stack Developer(MERN Stack) | M190: Software Developer | N190: YES | O190: CSE353 | R190: HMM305 | S190: PE3 | T190: PE4 | U190: PE5 | V190: VAT013 | W190: OE-3 | X190: ARP306 | Y190: CSP353 | Z190: CSP396 | AA190: CSP390
A191: FSD-MERN-L1 | B191: 2402 | C191: Avinash Chauhan | D191: 2023322783 | E191: 2301017004 | F191: B-Tech CSE-VI C | G191: Bachelor of Technology | H191: 2023322783.avinash@ug.sharda.ac.in | I191: 2023322783.mr@pt.sharda.ac.in | J191: 9027213643 | K191: Computer Science | L191: Software Developer | M191: Software Developer | N191: YES | O191: CSE353 | R191: HMM305 | S191: PE3 | T191: PE4 | U191: PE5 | V191: VAT013 | W191: OE-3 | X191: ARP306 | Y191: CSP353 | Z191: CSP396 | AA191: CSP390
A192: FSD-MERN-L1 | B192: 2402 | C192: Ayush Kumar | D192: 2023263567 | E192: 2301017005 | F192: B-Tech CSE-VI C | G192: Bachelor of Technology | H192: 2023263567.ayush@ug.sharda.ac.in | I192: 2023263567.arun@pt.sharda.ac.in | J192: 8092097291 | K192: Computer Science | L192: #N/A | M192: #N/A | N192: #N/A | O192: CSE353 | R192: HMM305 | S192: PE3 | T192: PE4 | U192: PE5 | V192: VAT013 | W192: OE-3 | X192: ARP306 | Y192: CSP353 | Z192: CSP396 | AA192: CSP390
A193: FSD-MERN-L1 | B193: 2402 | C193: Niranjan Kumar | D193: 2023205860 | E193: 2301017011 | F193: B-Tech CSE-VI C | G193: Bachelor of Technology | H193: 2023205860.niranjan@ug.sharda.ac.in | I193: 2023205860.shrikant@pt.sharda.ac.in | J193: 8651305726 | K193: Computer Science | L193: Software Developer | M193: Software Developer | N193: YES | O193: CSE353 | R193: HMM305 | S193: PE3 | T193: PE4 | U193: PE5 | V193: VAT013 | W193: OE-3 | X193: ARP306 | Y193: CSP353 | Z193: CSP396 | AA193: CSP390
A194: FSD-MERN-L2 | B194: 2402 | C194: Aaditya Singhal | D194: 2022508346 | E194: 2201010003 | F194: B-Tech CSE-VI D | G194: Bachelor of Technology | H194: 2022508346.aaditya@ug.sharda.ac.in | I194: 2022508346.anil@pt.sharda.ac.in | J194: 7505018957 | K194: Computer Science | L194: Full Stack Developer(MERN Stack) | M194: Software Developer | N194: YES | O194: CSE353 | R194: HMM305 | S194: PE3 | T194: PE4 | U194: PE5 | V194: VAT013 | W194: OE-3 | X194: ARP306 | Y194: CSP353 | Z194: CSP396 | AA194: CSP390
A195: FSD-MERN-L2 | B195: 2402 | C195: Aakriti Bansal | D195: 2022552819 | E195: 2201010005 | F195: B-Tech CSE-VI D | G195: Bachelor of Technology | H195: 2022552819.aakriti@ug.sharda.ac.in | I195: 2022552819.d.k@pt.sharda.ac.in | J195: 8077831479 | K195: Computer Science | L195: Android Developer | M195: Software Developer | N195: YES | O195: CSE353 | R195: HMM305 | S195: PE3 | T195: PE4 | U195: PE5 | V195: VAT013 | W195: OE-3 | X195: ARP306 | Y195: CSP353 | Z195: CSP396 | AA195: CSP390
A196: FSD-MERN-L2 | B196: 2402 | C196: Aashna Sharma | D196: 2022469915 | E196: 2201010008 | F196: B-Tech CSE-VI D | G196: Bachelor of Technology | H196: 2022469915.aashna@ug.sharda.ac.in | I196: 2022469915.kailash@pt.sharda.ac.in | J196: 8700390171 | K196: Computer Science | L196: Software Developer | M196: Cyber Security Analyst | N196: YES | O196: CSE353 | R196: HMM305 | S196: PE3 | T196: PE4 | U196: PE5 | V196: VAT013 | W196: OE-3 | X196: ARP306 | Y196: CSP353 | Z196: CSP396 | AA196: CSP390
A197: FSD-MERN-L2 | B197: 2402 | C197: Aditya Kartik | D197: 2022410342 | E197: 2201010039 | F197: B-Tech CSE-VI D | G197: Bachelor of Technology | H197: 2022410342.aditya@ug.sharda.ac.in | I197: 2022410342.shriprakash@pt.sharda.ac.in | J197: 9122841000 | K197: Computer Science | L197: Full Stack Developer(MERN Stack) | M197: Software Developer | N197: YES | O197: CSE353 | R197: HMM305 | S197: PE3 | T197: PE4 | U197: PE5 | V197: VAT013 | W197: OE-3 | X197: ARP306 | Y197: CSP353 | Z197: CSP396 | AA197: CSP390
A198: FSD-MERN-L2 | B198: 2402 | C198: Akash Rattan | D198: 2022405479 | E198: 2201010062 | F198: B-Tech CSE-VI D | G198: Bachelor of Technology | H198: 2022405479.akash@ug.sharda.ac.in | I198: 2022405479.arvindkumar@pt.sharda.ac.in | J198: 9936616269 | K198: Computer Science | L198: Full Stack Developer(MERN Stack) | M198: Software Developer | N198: YES | O198: CSE353 | R198: HMM305 | S198: PE3 | T198: PE4 | U198: PE5 | V198: VAT013 | W198: OE-3 | X198: ARP306 | Y198: CSP353 | Z198: CSP396 | AA198: CSP390
A199: FSD-MERN-L2 | B199: 2402 | C199: Amritanshu Ranjan | D199: 2022448964 | E199: 2201010080 | F199: B-Tech CSE-VI D | G199: Bachelor of Technology | H199: 2022448964.amritanshu@ug.sharda.ac.in | I199: 2022448964.rakesh@pt.sharda.ac.in | J199: 8521759941 | K199: Computer Science | L199: Software Developer | M199: Full Stack Developer(MERN Stack) | N199: YES | O199: CSE353 | R199: HMM305 | S199: PE3 | T199: PE4 | U199: PE5 | V199: VAT013 | W199: OE-3 | X199: ARP306 | Y199: CSP353 | Z199: CSP396 | AA199: CSP390
A200: FSD-MERN-L2 | B200: 2402 | C200: Anand Raj | D200: 2022516410 | E200: 2201010082 | F200: B-Tech CSE-VI D | G200: Bachelor of Technology | H200: 2022516410.anand@ug.sharda.ac.in | I200: 2022516410.manoj@pt.sharda.ac.in | J200: 7717742710 | K200: Computer Science | L200: Software Developer | M200: Full Stack Developer(MERN Stack) | N200: YES | O200: CSE353 | R200: HMM305 | S200: PE3 | T200: PE4 | U200: PE5 | V200: VAT013 | W200: OE-3 | X200: ARP306 | Y200: CSP353 | Z200: CSP396 | AA200: CSP390
A201: FSD-MERN-L2 | B201: 2402 | C201: Ananya Tyagi | D201: 2022433429 | E201: 2201010083 | F201: B-Tech CSE-VI D | G201: Bachelor of Technology | H201: 2022433429.ananya@ug.sharda.ac.in | I201: 2022433429.manoj@pt.sharda.ac.in | J201: 8869839030 | K201: Computer Science | L201: Software Developer | M201: Data Scientist | N201: YES | O201: CSE353 | R201: HMM305 | S201: PE3 | T201: PE4 | U201: PE5 | V201: VAT013 | W201: OE-3 | X201: ARP306 | Y201: CSP353 | Z201: CSP396 | AA201: CSP390
A202: FSD-MERN-L2 | B202: 2402 | C202: Arpit Arya | D202: 2022544781 | E202: 2201010131 | F202: B-Tech CSE-VI D | G202: Bachelor of Technology | H202: 2022544781.arpit@ug.sharda.ac.in | I202: 2022544781.chandrashekhar@pt.sharda.ac.in | J202: 9204633508 | K202: Computer Science | L202: #N/A | M202: #N/A | N202: #N/A | O202: CSE353 | R202: HMM305 | S202: PE3 | T202: PE4 | U202: PE5 | V202: VAT013 | W202: OE-3 | X202: ARP306 | Y202: CSP353 | Z202: CSP396 | AA202: CSP390
...

Sheet MIS
A1: Sl No. | B1: Student Name | C1: Student System ID | D1: Student Roll No. | E1: New Section | F1: Fast Track | H1: Parent mail id | I1: contact number | J1: Specialization | K1: Group | L1: Mentor
A2: 1 | B2: Anutosh Mishra | C2: 2021308861 | D2: 210101102 | E2: B-Tech CSE-VI A | F2: =VLOOKUP(C2,'Fast Track '!B:C,2,FALSE) -> #N/A | G2: Introduction to Internet of Things_CSE071 | H2: =VLOOKUP(C2,Sheet1!D:J,6,FALSE) -> 2021308861.ashutoshkumar@pt.sharda.ac.in | I2: =VLOOKUP(D2,Sheet1!E:K,6,FALSE) -> 9936777552 | J2: Computer Science | K2: G1 | L2: Ms. Aanchal Vij
A3: 2 | B3: Nandani Chaudhary | C3: 2021828405 | D3: 210101591 | E3: B-Tech CSE-VI A | F3: =VLOOKUP(C3,'Fast Track '!B:C,2,FALSE) -> #N/A | G3: Introduction to Internet of Things_CSE071 | H3: =VLOOKUP(C3,Sheet1!D:J,6,FALSE) -> 2021828405.ramananda@pt.sharda.ac.in | I3: =VLOOKUP(D3,Sheet1!E:K,6,FALSE) -> 8130538380 | J3: Computer Science | K3: G1 | L3: Ms. Aanchal Vij
A4: 3 | B4: Farheen Khan | C4: 2021000009 | D4: 210121021 | E4: B-Tech CSE-VI A | F4: =VLOOKUP(C4,'Fast Track '!B:C,2,FALSE) -> #N/A | G4: Introduction to Internet of Things_CSE071 | H4: =VLOOKUP(C4,Sheet1!D:J,6,FALSE) -> 2021000009.asad@pt.sharda.ac.in | I4: =VLOOKUP(D4,Sheet1!E:K,6,FALSE) -> 9599543010 | J4: Computer Science | K4: G1 | L4: Ms. Aanchal Vij
A5: 4 | B5: Abhiraj Singh | C5: 2022579515 | D5: 2201010023 | E5: B-Tech CSE-VI A | F5: =VLOOKUP(C5,'Fast Track '!B:C,2,FALSE) -> #N/A | G5: Introduction to Internet of Things_CSE071 | H5: =VLOOKUP(C5,Sheet1!D:J,6,FALSE) -> 2022579515.vijaykumar@pt.sharda.ac.in | I5: =VLOOKUP(D5,Sheet1!E:K,6,FALSE) -> 8826793887 | J5: Computer Science | K5: G1 | L5: Ms. Aanchal Vij
A6: 5 | B6: Aman Sinha | C6: 2022534811 | D6: 2201010078 | E6: B-Tech CSE-VI A | F6: =VLOOKUP(C6,'Fast Track '!B:C,2,FALSE) -> #N/A | G6: Introduction to Internet of Things_CSE071 | H6: =VLOOKUP(C6,Sheet1!D:J,6,FALSE) -> 2022534811.rajeshkumar@pt.sharda.ac.in | I6: =VLOOKUP(D6,Sheet1!E:K,6,FALSE) -> 7319641049 | J6: Computer Science | K6: G1 | L6: Ms. Aanchal Vij
A7: 6 | B7: Ansh Shrivastav | C7: 2022475156 | D7: 2201010099 | E7: B-Tech CSE-VI A | F7: =VLOOKUP(C7,'Fast Track '!B:C,2,FALSE) -> #N/A | G7: Introduction to Internet of Things_CSE071 | H7: =VLOOKUP(C7,Sheet1!D:J,6,FALSE) -> 2022475156.dhananjay@pt.sharda.ac.in | I7: =VLOOKUP(D7,Sheet1!E:K,6,FALSE) -> 8789919805 | J7: Computer Science | K7: G1 | L7: Ms. Aanchal Vij
A8: 7 | B8: Anuj Rawat | C8: 2022394343 | D8: 2201010111 | E8: B-Tech CSE-VI A | F8: =VLOOKUP(C8,'Fast Track '!B:C,2,FALSE) -> #N/A | G8: Introduction to Internet of Things_CSE071 | H8: =VLOOKUP(C8,Sheet1!D:J,6,FALSE) -> 2022394343.anandsingh@pt.sharda.ac.in | I8: =VLOOKUP(D8,Sheet1!E:K,6,FALSE) -> 8126133363 | J8: Computer Science | K8: G1 | L8: Ms. Aanchal Vij
A9: 8 | B9: Arbaz Ahmed | C9: 2022006308 | D9: 2201010121 | E9: B-Tech CSE-VI A | F9: =VLOOKUP(C9,'Fast Track '!B:C,2,FALSE) -> #N/A | G9: Introduction to Internet of Things_CSE071 | H9: =VLOOKUP(C9,Sheet1!D:J,6,FALSE) -> 2022006308.asad@pt.sharda.ac.in | I9: =VLOOKUP(D9,Sheet1!E:K,6,FALSE) -> 7300577335 | J9: Computer Science | K9: G1 | L9: Ms. Aanchal Vij
A10: 9 | B10: Atithi Negi | C10: 2022438604 | D10: 2201010162 | E10: B-Tech CSE-VI A | F10: =VLOOKUP(C10,'Fast Track '!B:C,2,FALSE) -> #N/A | G10: Introduction to Internet of Things_CSE071 | H10: =VLOOKUP(C10,Sheet1!D:J,6,FALSE) -> 2022438604.kundansingh@pt.sharda.ac.in | I10: =VLOOKUP(D10,Sheet1!E:K,6,FALSE) -> 8920297350 | J10: Computer Science | K10: G1 | L10: Ms. Aanchal Vij
A11: 10 | B11: Basharat Hassan | C11: 2022521926 | D11: 2201010175 | E11: B-Tech CSE-VI A | F11: =VLOOKUP(C11,'Fast Track '!B:C,2,FALSE) -> #N/A | G11: Introduction to Internet of Things_CSE071 | H11: =VLOOKUP(C11,Sheet1!D:J,6,FALSE) -> 2022521926.ghulamhassan@pt.sharda.ac.in | I11: =VLOOKUP(D11,Sheet1!E:K,6,FALSE) -> 8899544845 | J11: Computer Science | K11: G1 | L11: Ms. Aanchal Vij
A12: 11 | B12: Bhoomi Sharma | C12: 2022325232 | D12: 2201010178 | E12: B-Tech CSE-VI A | F12: =VLOOKUP(C12,'Fast Track '!B:C,2,FALSE) -> #N/A | G12: Introduction to Internet of Things_CSE071 | H12: =VLOOKUP(C12,Sheet1!D:J,6,FALSE) -> 2022325232.latesuneet@pt.sharda.ac.in | I12: =VLOOKUP(D12,Sheet1!E:K,6,FALSE) -> 9717628588 | J12: Computer Science | K12: G1 | L12: Ms. Aanchal Vij
A13: 12 | B13: Chirag Nirwan | C13: 2022305905 | D13: 2201010193 | E13: B-Tech CSE-VI A | F13: =VLOOKUP(C13,'Fast Track '!B:C,2,FALSE) -> #N/A | G13: Introduction to Internet of Things_CSE071 | H13: =VLOOKUP(C13,Sheet1!D:J,6,FALSE) -> 2022305905.sanjeev@pt.sharda.ac.in | I13: =VLOOKUP(D13,Sheet1!E:K,6,FALSE) -> 9311273352 | J13: Computer Science | K13: G1 | L13: Ms. Aanchal Vij
... A57: 56 | B57: Sudiksha Bhogal | C57: 2023524672 | D57: 2301017018 | E57: B-Tech CSE-VI A | F57: =VLOOKUP(C57,'Fast Track '!B:C,2,FALSE) -> #N/A | G57: Introduction to Internet of Things_CSE071 | H57: =VLOOKUP(C57,Sheet1!D:J,6,FALSE) -> 2023524672.sunil@pt.sharda.ac.in | I57: =VLOOKUP(D57,Sheet1!E:K,6,FALSE) -> 8368285187 | J57: Computer Science | K57: G2 | L57: Ms. Aanchal Vij
A58: 57 | B58: Abhishek Chaudhary | C58: 2021479763 | D58: 210101025 | E58: B-Tech CSE-VI A | F58: =VLOOKUP(C58,'Fast Track '!B:C,2,FALSE) -> #N/A | G58: Introduction to Internet of Things_CSE071 | H58: 2021479763.virendra@pt.sharda.ac.in | I58: 9140907009 | J58: Computer Science | K58: G2 | L58: Ms. Aanchal Vij
A59: 58 | B59: Ankit kumar | C59: 2024389953 | E59: B-Tech CSE-VI A | F59: =VLOOKUP(C59,'Fast Track '!B:C,2,FALSE) -> #N/A | G59: Introduction to Internet of Things_CSE071 | H59: 0 | I59: 9693101494 | J59: Computer Science | K59: G2 | L59: Ms. Aanchal Vij
A60: 59 | B60: Shubham Sharma | C60: 2022006289 | D60: 2201010959 | E60: B-Tech CSE-VI A | F60: =VLOOKUP(C60,'Fast Track '!B:C,2,FALSE) -> Fasttrack | H60: 2022006289.shyambir@pt.sharda.ac.in | I60: 7982036498 | J60: CSE- IOT & Application | K60: G2 | L60: Ms. Aanchal Vij
A61: 60 | B61: Nitin Chauhan | C61: 2022008160 | D61: 2201010970 | E61: B-Tech CSE-VI A | F61: =VLOOKUP(C61,'Fast Track '!B:C,2,FALSE) -> #N/A | G61: Introduction to Internet of Things_CSE071 | H61: 2022008160.shiv@pt.sharda.ac.in | I61: 7408921681 | J61: CSE- IOT & Application | K61: G2 | L61: Ms. Aanchal Vij
A62: 61 | B62: Ashutosh Kumar | C62: 2022006860 | D62: 2201010154 | E62: B-Tech CSE-VI A | F62: =VLOOKUP(C62,'Fast Track '!B:C,2,FALSE) -> #N/A | G62: Introduction to Internet of Things_CSE071 | H62: 2022006860.ravi@pt.sharda.ac.in | I62: 8877464245 | J62: CSE- IOT & Application | K62: G2 | L62: Ms. Aanchal Vij
A63: 62 | B63: Harshit . | C63: 2022489738 | D63: 2201010276 | E63: B-Tech CSE-VI A | F63: =VLOOKUP(C63,'Fast Track '!B:C,2,FALSE) -> #N/A | G63: Introduction to Internet of Things_CSE071 | H63: 2022489738.deepak@pt.sharda.ac.in | I63: 7988496098 | J63: CSE- IOT & Application | K63: G2 | L63: Ms. Aanchal Vij
A64: 63 | B64: Rachit Sinha | C64: 2022002885 | D64: 2201010957 | E64: B-Tech CSE-VI A | F64: =VLOOKUP(C64,'Fast Track '!B:C,2,FALSE) -> #N/A | G64: Introduction to Internet of Things_CSE071 | H64: 2022002885.sanjaykumar@pt.sharda.ac.in | I64: 9625967510 | J64: CSE- IOT & Application | K64: G2 | L64: Ms. Aanchal Vij
A65: 64 | B65: Dev Singh | C65: 2022004595 | D65: 2201010958 | E65: B-Tech CSE-VI A | F65: =VLOOKUP(C65,'Fast Track '!B:C,2,FALSE) -> #N/A | G65: Introduction to Internet of Things_CSE071 | H65: 2022004595.hira@pt.sharda.ac.in | I65: 8595711734 | J65: CSE- IOT & Application | K65: G2 | L65: Ms. Aanchal Vij
A66: 65 | B66: Mohammad Aatif Quamre | C66: 2020516582 | D66: 200101181 | E66: B-Tech CSE-VI B | F66: =VLOOKUP(C66,'Fast Track '!B:C,2,FALSE) -> #N/A | G66: Introduction to Internet of Things_CSE071 | I66: =VLOOKUP(D66,Sheet1!E:K,6,FALSE) -> 9319072044 | J66: Computer Science | K66: G1 | L66: Dr. Abhishek Singh Verma
A67: 66 | B67: Aditi Tiwari | C67: 2021378869 | D67: 210101036 | E67: B-Tech CSE-VI B | F67: =VLOOKUP(C67,'Fast Track '!B:C,2,FALSE) -> #N/A | G67: Introduction to Internet of Things_CSE071 | I67: =VLOOKUP(D67,Sheet1!E:K,6,FALSE) -> 7718237260 | J67: Computer Science | K67: G1 | L67: Dr. Abhishek Singh Verma
A68: 67 | B68: Rinjal Sagar | C68: 2021003785 | D68: 210101586 | E68: B-Tech CSE-VI B | F68: =VLOOKUP(C68,'Fast Track '!B:C,2,FALSE) -> #N/A | G68: Introduction to Internet of Things_CSE071 | H68: 2021003785.rinjal@ug.sharda.ac.in | I68: =VLOOKUP(D68,Sheet1!E:K,6,FALSE) -> 9871907908 | J68: Computer Science | K68: G1 | L68: Dr. Abhishek Singh Verma
A69: 68 | B69: A Vishwam Rao | C69: 2022003574 | D69: 2201010001 | E69: B-Tech CSE-VI B | F69: =VLOOKUP(C69,'Fast Track '!B:C,2,FALSE) -> #N/A | G69: Introduction to Internet of Things_CSE071 | H69: 2022003574.a@ug.sharda.ac.in | I69: =VLOOKUP(D69,Sheet1!E:K,6,FALSE) -> 9971308744 | J69: Computer Science | K69: G1 | L69: Dr. Abhishek Singh Verma
A70: 69 | B70: Abhinay Singh Rawat | C70: 2022360529 | D70: 2201010022 | E70: B-Tech CSE-VI B | F70: =VLOOKUP(C70,'Fast Track '!B:C,2,FALSE) -> #N/A | G70: Introduction to Internet of Things_CSE071 | H70: 2022360529.abhinay@ug.sharda.ac.in | I70: =VLOOKUP(D70,Sheet1!E:K,6,FALSE) -> 7300965989 | J70: Computer Science | K70: G1 | L70: Dr. Abhishek Singh Verma
A71: 70 | B71: Ankit Yadav | C71: 2022538932 | D71: 2201010096 | E71: B-Tech CSE-VI B | F71: =VLOOKUP(C71,'Fast Track '!B:C,2,FALSE) -> #N/A | G71: Introduction to Internet of Things_CSE071 | H71: 2022538932.ankit@ug.sharda.ac.in | I71: =VLOOKUP(D71,Sheet1!E:K,6,FALSE) -> 9625789885 | J71: Computer Science | K71: G1 | L71: Dr. Abhishek Singh Verma
A72: 71 | B72: Anshuman Singh | C72: 2022002787 | D72: 2201010105 | E72: B-Tech CSE-VI B | F72: =VLOOKUP(C72,'Fast Track '!B:C,2,FALSE) -> #N/A | G72: Introduction to Internet of Things_CSE071 | H72: 2022002787.anshuman@ug.sharda.ac.in | I72: =VLOOKUP(D72,Sheet1!E:K,6,FALSE) -> 8707433483 | J72: Computer Science | K72: G1 | L72: Dr. Abhishek Singh Verma
A73: 72 | B73: Anushka Kashyap | C73: 2022005229 | D73: 2201010115 | E73: B-Tech CSE-VI B | F73: =VLOOKUP(C73,'Fast Track '!B:C,2,FALSE) -> #N/A | G73: Introduction to Internet of Things_CSE071 | H73: 2022005229.anushka@ug.sharda.ac.in | I73: =VLOOKUP(D73,Sheet1!E:K,6,FALSE) -> 7827845687 | J73: Computer Science | K73: G1 | L73: Dr. Abhishek Singh Verma
A74: 73 | B74: Aryan Rattan Trakroo | C74: 2022419571 | D74: 2201010146 | E74: B-Tech CSE-VI B | F74: =VLOOKUP(C74,'Fast Track '!B:C,2,FALSE) -> #N/A | G74: Introduction to Internet of Things_CSE071 | H74: 2022419571.aryan@ug.sharda.ac.in | I74: =VLOOKUP(D74,Sheet1!E:K,6,FALSE) -> 9779994998 | J74: Computer Science | K74: G2 | L74: Dr. Abhishek Singh Verma
A75: 74 | B75: Bolla Manoj Sai | C75: 2022433389 | D75: 2201010183 | E75: B-Tech CSE-VI B | F75: =VLOOKUP(C75,'Fast Track '!B:C,2,FALSE) -> #N/A | G75: Introduction to Internet of Things_CSE071 | H75: 2022433389.bolla@ug.sharda.ac.in | I75: =VLOOKUP(D75,Sheet1!E:K,6,FALSE) -> 9492465566 | J75: Computer Science | K75: G1 | L75: Dr. Abhishek Singh Verma
A76: 75 | B76: Brahmtej Mohanty | C76: 2022002578 | D76: 2201010184 | E76: B-Tech CSE-VI B | F76: =VLOOKUP(C76,'Fast Track '!B:C,2,FALSE) -> #N/A | G76: Introduction to Internet of Things_CSE071 | H76: 2022002578.brahmtej@ug.sharda.ac.in | I76: =VLOOKUP(D76,Sheet1!E:K,6,FALSE) -> 7735324362 | J76: Computer Science | K76: G1 | L76: Dr. Abhishek Singh Verma
A77: 76 | B77: Chirag Pathak | C77: 2022005228 | D77: 2201010194 | E77: B-Tech CSE-VI B | F77: =VLOOKUP(C77,'Fast Track '!B:C,2,FALSE) -> #N/A | G77: Introduction to Internet of Things_CSE071 | H77: 2022005228.chirag@ug.sharda.ac.in | I77: =VLOOKUP(D77,Sheet1!E:K,6,FALSE) -> 9267929004 | J77: Computer Science | K77: G1 | L77: Dr. Abhishek Singh Verma
A78: 77 | B78: Danish Kamal | C78: 2022349970 | D78: 2201010201 | E78: B-Tech CSE-VI B | F78: =VLOOKUP(C78,'Fast Track '!B:C,2,FALSE) -> #N/A | G78: Introduction to Internet of Things_CSE071 | H78: 2022349970.danish@ug.sharda.ac.in | I78: =VLOOKUP(D78,Sheet1!E:K,6,FALSE) -> 9873222919 | J78: Computer Science | K78: G1 | L78: Dr. Abhishek Singh Verma
A79: 78 | B79: Jabir Luqman Ismail | C79: 2022804425 | D79: 2201010297 | E79: B-Tech CSE-VI B | F79: =VLOOKUP(C79,'Fast Track '!B:C,2,FALSE) -> #N/A | G79: Introduction to Internet of Things_CSE071 | H79: 2022804425.jabir@ug.sharda.ac.in | I79: =VLOOKUP(D79,Sheet1!E:K,6,FALSE) -> 91 9711260822 | J79: Computer Science | K79: G1 | L79: Dr. Abhishek Singh Verma
... A121: 120 | B121: Avik Roy | C121: 2022836161 | D121: 2201010911 | E121: B-Tech CSE-VI B | F121: =VLOOKUP(C121,'Fast Track '!B:C,2,FALSE) -> #N/A | G121: Introduction to Internet of Things_CSE071 | H121: 2022836161.avik@ug.sharda.ac.in | I121: =VLOOKUP(D121,Sheet1!E:K,6,FALSE) -> 91 9674775066 | J121: Computer Science | K121: G2 | L121: Dr. Abhishek Singh Verma
A122: 121 | B122: Shubh Sahu | C122: 2021361239 | D122: 210101480 | E122: B-Tech CSE-VI B | F122: =VLOOKUP(C122,'Fast Track '!B:C,2,FALSE) -> #N/A | G122: Introduction to Internet of Things_CSE071 | H122: 2021361239.shubh@ug.sharda.ac.in | I122: =VLOOKUP(C122,Sheet1!D:J,7,FALSE) -> 8299431338 | J122: Computer Science | K122: G2 | L122: Dr. Abhishek Singh Verma
A123: 122 | B123: Akim Tartisio Ramdan | C123: 2022826376 | D123: 2201010064 | E123: B-Tech CSE-VI B | F123: =VLOOKUP(C123,'Fast Track '!B:C,2,FALSE) -> #N/A | G123: Introduction to Internet of Things_CSE071 | H123: 2022826376.akim@ug.sharda.ac.in | I123: 91 9910221368 | J123: CSE- IOT & Application | K123: G2 | L123: Dr. Abhishek Singh Verma
A124: 123 | B124: Srishti Singh Chauhan | C124: 2022007474 | D124: 2201010960 | E124: B-Tech CSE-VI B | F124: =VLOOKUP(C124,'Fast Track '!B:C,2,FALSE) -> #N/A | G124: Introduction to Internet of Things_CSE071 | H124: 2022007474.srishti@ug.sharda.ac.in | I124: 9318324541 | J124: CSE- IOT & Application | K124: G2 | L124: Dr. Abhishek Singh Verma
A125: 124 | B125: Mohd Hashir | C125: 2022008085 | D125: 2201010968 | E125: B-Tech CSE-VI B | F125: =VLOOKUP(C125,'Fast Track '!B:C,2,FALSE) -> #N/A | G125: Introduction to Internet of Things_CSE071 | H125: 2022008085.mohd@ug.sharda.ac.in | I125: 9455356020 | J125: CSE- IOT & Application | K125: G2 | L125: Dr. Abhishek Singh Verma
A126: 125 | B126: Samiksha Sharma | C126: 2022008217 | D126: 2201010971 | E126: B-Tech CSE-VI B | F126: =VLOOKUP(C126,'Fast Track '!B:C,2,FALSE) -> #N/A | G126: Introduction to Internet of Things_CSE071 | H126: 2022008217.samiksha@ug.sharda.ac.in | I126: 6397937425 | J126: CSE- IOT & Application | K126: G2 | L126: Dr. Abhishek Singh Verma
A127: 126 | B127: Avishkar Yadav | C127: 2022008317 | D127: 2201010974 | E127: B-Tech CSE-VI B | F127: =VLOOKUP(C127,'Fast Track '!B:C,2,FALSE) -> #N/A | G127: Introduction to Internet of Things_CSE071 | H127: 2022008317.avishkar@ug.sharda.ac.in | I127: 6350369251 | J127: CSE- IOT & Application | K127: G2 | L127: Dr. Abhishek Singh Verma
A128: 127 | B128: Sujal Dev | C128: 2022008331 | D128: 2201010975 | E128: B-Tech CSE-VI B | F128: =VLOOKUP(C128,'Fast Track '!B:C,2,FALSE) -> #N/A | G128: Introduction to Internet of Things_CSE071 | H128: 2022008331.sujal@ug.sharda.ac.in | I128: 8630404079 | J128: CSE- IOT & Application | K128: G2 | L128: Dr. Abhishek Singh Verma
A129: 128 | B129: Urja Raj | C129: 2022622988 | D129: 2201010977 | E129: B-Tech CSE-VI B | F129: =VLOOKUP(C129,'Fast Track '!B:C,2,FALSE) -> #N/A | G129: Introduction to Internet of Things_CSE071 | H129: 2022622988.urja@ug.sharda.ac.in | I129: 9060844039 | J129: CSE- IOT & Application | K129: G2 | L129: Dr. Abhishek Singh Verma
A130: 129 | B130: Aradhya Mittal | C130: 2022480934 | D130: 2201010119 | E130: B-Tech CSE-VI C | F130: =VLOOKUP(C130,'Fast Track '!B:C,2,FALSE) -> #N/A | G130: Introduction to Internet of Things_CSE071 | H130: 2022480934.aradhya@ug.sharda.ac.in | I130: =VLOOKUP(D130,Sheet1!E:K,6,FALSE) -> 9412810713 | J130: Computer Science | K130: G1 | L130: Dr. Bal Krishna Saraswat
A131: 130 | B131: Hemant Kumar | C131: 2022441875 | D131: 2201010284 | E131: B-Tech CSE-VI C | F131: =VLOOKUP(C131,'Fast Track '!B:C,2,FALSE) -> #N/A | G131: Introduction to Internet of Things_CSE071 | H131: 2022441875.hemant@ug.sharda.ac.in | I131: =VLOOKUP(D131,Sheet1!E:K,6,FALSE) -> 8766227298 | J131: Computer Science | K131: G1 | L131: Dr. Bal Krishna Saraswat
A132: 131 | B132: Mohammed Saim Khan | C132: 2022815775 | D132: 2201010416 | E132: B-Tech CSE-VI C | F132: =VLOOKUP(C132,'Fast Track '!B:C,2,FALSE) -> #N/A | G132: Introduction to Internet of Things_CSE071 | H132: 2022815775.mohammed@ug.sharda.ac.in | I132: =VLOOKUP(D132,Sheet1!E:K,6,FALSE) -> 9773621064 | J132: Computer Science | K132: G1 | L132: Dr. Bal Krishna Saraswat
A133: 132 | B133: Nishant Kumar | C133: 2022472932 | D133: 2201010477 | E133: B-Tech CSE-VI C | F133: =VLOOKUP(C133,'Fast Track '!B:C,2,FALSE) -> #N/A | G133: Introduction to Internet of Things_CSE071 | H133: 2022472932.nishant@ug.sharda.ac.in | I133: =VLOOKUP(D133,Sheet1!E:K,6,FALSE) -> 9310501448 | J133: Computer Science | K133: G1 | L133: Dr. Bal Krishna Saraswat
A134: 133 | B134: Rayyaan Tasaduq Wani | C134: 2022306733 | D134: 2201010564 | E134: B-Tech CSE-VI C | F134: =VLOOKUP(C134,'Fast Track '!B:C,2,FALSE) -> #N/A | G134: Introduction to Internet of Things_CSE071 | H134: 2022306733.rayyaantasaduq@ug.sharda.ac.in | I134: =VLOOKUP(D134,Sheet1!E:K,6,FALSE) -> 9149764797 | J134: Computer Science | K134: G1 | L134: Dr. Bal Krishna Saraswat
A135: 134 | B135: Shivam Kumar | C135: 2022437807 | D135: 2201010669 | E135: B-Tech CSE-VI C | F135: =VLOOKUP(C135,'Fast Track '!B:C,2,FALSE) -> #N/A | G135: Introduction to Internet of Things_CSE071 | H135: 2022437807.shivam@ug.sharda.ac.in | I135: =VLOOKUP(D135,Sheet1!E:K,6,FALSE) -> 8742919690 | J135: Computer Science | K135: G1 | L135: Dr. Bal Krishna Saraswat
A136: 135 | B136: Swaraj Upreti | C136: 2022005992 | D136: 2201010733 | E136: B-Tech CSE-VI C | F136: =VLOOKUP(C136,'Fast Track '!B:C,2,FALSE) -> #N/A | G136: Introduction to Internet of Things_CSE071 | H136: 2022005992.swaraj@ug.sharda.ac.in | I136: =VLOOKUP(D136,Sheet1!E:K,6,FALSE) -> 9318402815 | J136: Computer Science | K136: G1 | L136: Dr. Bal Krishna Saraswat
A137: 136 | B137: Vidhi Bansal | C137: 2022608746 | D137: 2201010898 | E137: B-Tech CSE-VI C | F137: =VLOOKUP(C137,'Fast Track '!B:C,2,FALSE) -> #N/A | G137: Introduction to Internet of Things_CSE071 | H137: 2022608746.vidhi@ug.sharda.ac.in | I137: =VLOOKUP(D137,Sheet1!E:K,6,FALSE) -> 9068356626 | J137: Computer Science | K137: G1 | L137: Dr. Bal Krishna Saraswat
A138: 137 | B138: Aditya Kartik | C138: 2022410342 | D138: 2201010039 | E138: B-Tech CSE-VI C | F138: =VLOOKUP(C138,'Fast Track '!B:C,2,FALSE) -> #N/A | G138: Introduction to Internet of Things_CSE071 | H138: 2022410342.aditya@ug.sharda.ac.in | I138: =VLOOKUP(D138,Sheet1!E:K,6,FALSE) -> 9122841000 | J138: Computer Science | K138: G1 | L138: Dr. Bal Krishna Saraswat
A139: 138 | B139: Arpit Arya | C139: 2022544781 | D139: 2201010131 | E139: B-Tech CSE-VI C | F139: =VLOOKUP(C139,'Fast Track '!B:C,2,FALSE) -> #N/A | G139: Introduction to Internet of Things_CSE071 | H139: 2022544781.arpit@ug.sharda.ac.in | I139: =VLOOKUP(D139,Sheet1!E:K,6,FALSE) -> 9204633508 | J139: Computer Science | K139: G1 | L139: Dr. Bal Krishna Saraswat
A140: 139 | B140: Mehran Arsh Hussain | C140: 2022517877 | D140: 2201010401 | E140: B-Tech CSE-VI C | F140: =VLOOKUP(C140,'Fast Track '!B:C,2,FALSE) -> #N/A | G140: Introduction to Internet of Things_CSE071 | H140: 2022517877.mehran@ug.sharda.ac.in | I140: =VLOOKUP(D140,Sheet1!E:K,6,FALSE) -> 8218268108 | J140: Computer Science | K140: G1 | L140: Dr. Bal Krishna Saraswat
A141: 140 | B141: Riya Singh | C141: 2022004737 | D141: 2201010594 | E141: B-Tech CSE-VI C | F141: =VLOOKUP(C141,'Fast Track '!B:C,2,FALSE) -> #N/A | G141: Introduction to Internet of Things_CSE071 | H141: 2022004737.riya@ug.sharda.ac.in | I141: =VLOOKUP(D141,Sheet1!E:K,6,FALSE) -> 8700933859 | J141: Computer Science | K141: G1 | L141: Dr. Bal Krishna Saraswat
... A189: 188 | B189: Asmit Kumar | C189: 2022446378 | D189: 2201010160 | E189: B-Tech CSE-VI C | F189: =VLOOKUP(C189,'Fast Track '!B:C,2,FALSE) -> #N/A | G189: Introduction to Internet of Things_CSE071 | H189: 2022446378.asmit@ug.sharda.ac.in | I189: =VLOOKUP(D189,Sheet1!E:K,6,FALSE) -> 6201817713 | J189: Computer Science | K189: G2 | L189: Dr. Bal Krishna Saraswat
A190: 189 | B190: Rudra Pratap Tomar | C190: 2022478036 | D190: 2201010605 | E190: B-Tech CSE-VI D | F190: =VLOOKUP(C190,'Fast Track '!B:C,2,FALSE) -> Fasttrack | H190: 2022478036.rudra@ug.sharda.ac.in | I190: =VLOOKUP(D190,Sheet1!E:K,6,FALSE) -> 9358584820 | J190: Computer Science | K190: G1 | L190: Dr. Mayank Kumar Goyal
A191: 190 | B191: Sanskriti Verma | C191: 2022004547 | D191: 2201010635 | E191: B-Tech CSE-VI D | F191: =VLOOKUP(C191,'Fast Track '!B:C,2,FALSE) -> Fasttrack | H191: 2022004547.sanskriti@ug.sharda.ac.in | I191: =VLOOKUP(D191,Sheet1!E:K,6,FALSE) -> 7011428007 | J191: Computer Science | K191: G1 | L191: Dr. Mayank Kumar Goyal
A192: 191 | B192: Lakshay Bhatnagar | C192: 2022507647 | D192: 2201010353 | E192: B-Tech CSE-VI D | F192: =VLOOKUP(C192,'Fast Track '!B:C,2,FALSE) -> Fasttrack | H192: 2022507647.lakshay@ug.sharda.ac.in | I192: =VLOOKUP(D192,Sheet1!E:K,6,FALSE) -> 8448777978 | J192: Computer Science | K192: G1 | L192: Dr. Mayank Kumar Goyal
A193: 192 | B193: Omit Kumar | C193: 2022492018 | D193: 2201010489 | E193: B-Tech CSE-VI D | F193: =VLOOKUP(C193,'Fast Track '!B:C,2,FALSE) -> Fasttrack | H193: 2022492018.omit@ug.sharda.ac.in | I193: =VLOOKUP(D193,Sheet1!E:K,6,FALSE) -> 8235853597 | J193: Computer Science | K193: G1 | L193: Dr. Mayank Kumar Goyal
A194: 193 | B194: Mohammad Shaazan Muzaffar | C194: 2022003923 | D194: 2201010829 | E194: B-Tech CSE-VI D | F194: =VLOOKUP(C194,'Fast Track '!B:C,2,FALSE) -> Fasttrack | H194: 2022003923.mohammad@ug.sharda.ac.in | I194: =VLOOKUP(D194,Sheet1!E:K,6,FALSE) -> 7006813062 | J194: Computer Science | K194: G1 | L194: Dr. Mayank Kumar Goyal
A195: 194 | B195: Nitesh Kumar | C195: 2022544783 | D195: 2201010481 | E195: B-Tech CSE-VI D | F195: =VLOOKUP(C195,'Fast Track '!B:C,2,FALSE) -> Fasttrack | H195: 2022544783.nitesh@ug.sharda.ac.in | I195: =VLOOKUP(D195,Sheet1!E:K,6,FALSE) -> 6203504840 | J195: Computer Science | K195: G1 | L195: Dr. Mayank Kumar Goyal
A196: 195 | B196: Vedant Tiwari | C196: 2022003580 | D196: 2201010782 | E196: B-Tech CSE-VI D | F196: =VLOOKUP(C196,'Fast Track '!B:C,2,FALSE) -> Fasttrack | H196: 2022003580.vedant@ug.sharda.ac.in | I196: =VLOOKUP(D196,Sheet1!E:K,6,FALSE) -> 9424991187 | J196: Computer Science | K196: G1 | L196: Dr. Mayank Kumar Goyal
A197: 196 | B197: Rajesh Ranjan | C197: 2022506580 | D197: 2201010556 | E197: B-Tech CSE-VI D | F197: =VLOOKUP(C197,'Fast Track '!B:C,2,FALSE) -> Fasttrack | H197: 2022506580.rajesh@ug.sharda.ac.in | I197: =VLOOKUP(D197,Sheet1!E:K,6,FALSE) -> 6200734740 | J197: Computer Science | K197: G1 | L197: Dr. Mayank Kumar Goyal
A198: 197 | B198: Akash Rattan | C198: 2022405479 | D198: 2201010062 | E198: B-Tech CSE-VI D | F198: =VLOOKUP(C198,'Fast Track '!B:C,2,FALSE) -> Fasttrack | H198: 2022405479.akash@ug.sharda.ac.in | I198: =VLOOKUP(D198,Sheet1!E:K,6,FALSE) -> 9936616269 | J198: Computer Science | K198: G1 | L198: Dr. Mayank Kumar Goyal
A199: 198 | B199: Aakriti Bansal | C199: 2022552819 | D199: 2201010005 | E199: B-Tech CSE-VI D | F199: =VLOOKUP(C199,'Fast Track '!B:C,2,FALSE) -> Fasttrack | H199: 2022552819.aakriti@ug.sharda.ac.in | I199: =VLOOKUP(D199,Sheet1!E:K,6,FALSE) -> 8077831479 | J199: Computer Science | K199: G1 | L199: Dr. Mayank Kumar Goyal
A200: 199 | B200: Uday B Thakur | C200: 2022418998 | D200: 2201010756 | E200: B-Tech CSE-VI D | F200: =VLOOKUP(C200,'Fast Track '!B:C,2,FALSE) -> Fasttrack | H200: 2022418998.uday@ug.sharda.ac.in | I200: =VLOOKUP(D200,Sheet1!E:K,6,FALSE) -> 8076622787 | J200: Computer Science | K200: G1 | L200: Dr. Mayank Kumar Goyal
A201: 200 | B201: Tarun Kumar | C201: 2022007306 | D201: 2201010840 | E201: B-Tech CSE-VI D | F201: =VLOOKUP(C201,'Fast Track '!B:C,2,FALSE) -> Fasttrack | H201: 2022007306.tarun@ug.sharda.ac.in | I201: =VLOOKUP(D201,Sheet1!E:K,6,FALSE) -> 8817200009 | J201: Computer Science | K201: G1 | L201: Dr. Mayank Kumar Goyal
... A207: 206 | B207: Sneha . | C207: 2022502947 | D207: 2201010698 | E207: B-Tech CSE-VI D | F207: =VLOOKUP(C207,'Fast Track '!B:C,2,FALSE) -> Fasttrack | H207: 2022502947.sneha@ug.sharda.ac.in | I207: =VLOOKUP(D207,Sheet1!E:K,6,FALSE) -> 9315149393 | J207: Computer Science | K207: G1 | L207: Dr. Mayank Kumar Goyal
A208: 207 | B208: Sneha Bansal | C208: 2022521244 | D208: 2201010700 | E208: B-Tech CSE-VI D | F208: =VLOOKUP(C208,'Fast Track '!B:C,2,FALSE) -> #N/A | G208: Introduction to Internet of Things_CSE071 | H208: 2022521244.sneha@ug.sharda.ac.in | I208: =VLOOKUP(D208,Sheet1!E:K,6,FALSE) -> 8595849890 | J208: Computer Science | K208: G1 | L208: Dr. Mayank Kumar Goyal
A209: 208 | B209: Souptik Giri | C209: 2022387392 | D209: 2201010713 | E209: B-Tech CSE-VI D | F209: =VLOOKUP(C209,'Fast Track '!B:C,2,FALSE) -> #N/A | G209: Introduction to Internet of Things_CSE071 | H209: 2022387392.souptik@ug.sharda.ac.in | I209: =VLOOKUP(D209,Sheet1!E:K,6,FALSE) -> 8145257669 | J209: Computer Science | K209: G1 | L209: Dr. Mayank Kumar Goyal
A210: 209 | B210: Md Altaf Raza | C210: 2022007728 | D210: 2201010862 | E210: B-Tech CSE-VI D | F210: =VLOOKUP(C210,'Fast Track '!B:C,2,FALSE) -> #N/A | G210: Introduction to Internet of Things_CSE071 | H210: 2022007728.md@ug.sharda.ac.in | I210: =VLOOKUP(D210,Sheet1!E:K,6,FALSE) -> 8709670822 | J210: Computer Science | K210: G1 | L210: Dr. Mayank Kumar Goyal
A211: 210 | B211: Karan Kumar | C211: 2022548161 | D211: 2201010317 | E211: B-Tech CSE-VI D | F211: =VLOOKUP(C211,'Fast Track '!B:C,2,FALSE) -> #N/A | G211: Introduction to Internet of Things_CSE071 | H211: 2022548161.karan@ug.sharda.ac.in | I211: =VLOOKUP(D211,Sheet1!E:K,6,FALSE) -> 6207071618 | J211: Computer Science | K211: G1 | L211: Dr. Mayank Kumar Goyal
A212: 211 | B212: Khushi Jaiswal | C212: 2022435738 | D212: 2201010330 | E212: B-Tech CSE-VI D | F212: =VLOOKUP(C212,'Fast Track '!B:C,2,FALSE) -> #N/A | G212: Introduction to Internet of Things_CSE071 | H212: 2022435738.khushi@ug.sharda.ac.in | I212: =VLOOKUP(D212,Sheet1!E:K,6,FALSE) -> 9065663362 | J212: Computer Science | K212: G1 | L212: Dr. Mayank Kumar Goyal
A213: 212 | B213: Kumari Monisha | C213: 2022331708 | D213: 2201010345 | E213: B-Tech CSE-VI D | F213: =VLOOKUP(C213,'Fast Track '!B:C,2,FALSE) -> #N/A | G213: Introduction to Internet of Things_CSE071 | H213: 2022331708.kumari@ug.sharda.ac.in | I213: =VLOOKUP(D213,Sheet1!E:K,6,FALSE) -> 6205510692 | J213: Computer Science | K213: G1 | L213: Dr. Mayank Kumar Goyal
A214: 213 | B214: Paarth Lal | C214: 2022006143 | D214: 2201010490 | E214: B-Tech CSE-VI D | F214: =VLOOKUP(C214,'Fast Track '!B:C,2,FALSE) -> #N/A | G214: Introduction to Internet of Things_CSE071 | H214: 2022006143.paarth@ug.sharda.ac.in | I214: =VLOOKUP(D214,Sheet1!E:K,6,FALSE) -> 9643355554 | J214: Computer Science | K214: G1 | L214: Dr. Mayank Kumar Goyal
A215: 214 | B215: Prasoon Bhatt | C215: 2022505917 | D215: 2201010514 | E215: B-Tech CSE-VI D | F215: =VLOOKUP(C215,'Fast Track '!B:C,2,FALSE) -> #N/A | G215: Introduction to Internet of Things_CSE071 | H215: 2022505917.prasoon@ug.sharda.ac.in | I215: =VLOOKUP(D215,Sheet1!E:K,6,FALSE) -> 7351924508 | J215: Computer Science | K215: G1 | L215: Dr. Mayank Kumar Goyal
A216: 215 | B216: Shubham Mishra | C216: 2022531964 | D216: 2201010692 | E216: B-Tech CSE-VI D | F216: =VLOOKUP(C216,'Fast Track '!B:C,2,FALSE) -> #N/A | G216: Introduction to Internet of Things_CSE071 | H216: 2022531964.shubham@ug.sharda.ac.in | I216: =VLOOKUP(D216,Sheet1!E:K,6,FALSE) -> 6203252388 | J216: Computer Science | K216: G1 | L216: Dr. Mayank Kumar Goyal
A217: 216 | B217: Ajib Astani Magar | C217: 2022805717 | D217: 2201010059 | E217: B-Tech CSE-VI D | F217: =VLOOKUP(C217,'Fast Track '!B:C,2,FALSE) -> #N/A | G217: Introduction to Internet of Things_CSE071 | H217: 2022805717.ajib@ug.sharda.ac.in | I217: =VLOOKUP(D217,Sheet1!E:K,6,FALSE) -> 977 9841883474 | J217: Computer Science | K217: G1 | L217: Dr. Mayank Kumar Goyal
A218: 217 | B218: Aman Kumar | C218: 2022005223 | D218: 2201010076 | E218: B-Tech CSE-VI D | F218: =VLOOKUP(C218,'Fast Track '!B:C,2,FALSE) -> #N/A | G218: Introduction to Internet of Things_CSE071 | H218: 2022005223.aman@ug.sharda.ac.in | I218: =VLOOKUP(D218,Sheet1!E:K,6,FALSE) -> 8862957493 | J218: Computer Science | K218: G1 | L218: Dr. Mayank Kumar Goyal
A219: 218 | B219: Harsh Kumar | C219: 2022574196 | D219: 2201010266 | E219: B-Tech CSE-VI D | F219: =VLOOKUP(C219,'Fast Track '!B:C,2,FALSE) -> #N/A | G219: Introduction to Internet of Things_CSE071 | H219: 2022574196.harsh@ug.sharda.ac.in | I219: =VLOOKUP(D219,Sheet1!E:K,6,FALSE) -> 9958019671 | J219: Computer Science | K219: G1 | L219: Dr. Mayank Kumar Goyal
... A235: 234 | B235: Vanshika Gupta | C235: 2022511135 | D235: 2201010774 | E235: B-Tech CSE-VI D | F235: =VLOOKUP(C235,'Fast Track '!B:C,2,FALSE) -> #N/A | G235: Introduction to Internet of Things_CSE071 | H235: 2022511135.vanshika@ug.sharda.ac.in | I235: =VLOOKUP(D235,Sheet1!E:K,6,FALSE) -> 8887729889 | J235: Computer Science | K235: G2 | L235: Dr. Mayank Kumar Goyal
A236: 235 | B236: Vishal Suryan | C236: 2022498812 | D236: 2201010796 | E236: B-Tech CSE-VI D | F236: =VLOOKUP(C236,'Fast Track '!B:C,2,FALSE) -> Fasttrack | H236: 2022498812.vishal@ug.sharda.ac.in | I236: =VLOOKUP(D236,Sheet1!E:K,6,FALSE) -> 9910261441 | J236: Computer Science | K236: G2 | L236: Dr. Mayank Kumar Goyal
A237: 236 | B237: Aaditya Singhal | C237: 2022508346 | D237: 2201010003 | E237: B-Tech CSE-VI D | F237: =VLOOKUP(C237,'Fast Track '!B:C,2,FALSE) -> #N/A | G237: Introduction to Internet of Things_CSE071 | H237: 2022508346.aaditya@ug.sharda.ac.in | I237: =VLOOKUP(D237,Sheet1!E:K,6,FALSE) -> 7505018957 | J237: Computer Science | K237: G2 | L237: Dr. Mayank Kumar Goyal
A238: 237 | B238: Ashutosh Gola | C238: 2022413603 | D238: 2201010153 | E238: B-Tech CSE-VI D | F238: =VLOOKUP(C238,'Fast Track '!B:C,2,FALSE) -> #N/A | G238: Introduction to Internet of Things_CSE071 | H238: 2022413603.ashutosh@ug.sharda.ac.in | I238: =VLOOKUP(D238,Sheet1!E:K,6,FALSE) -> 7895527454 | J238: Computer Science | K238: G2 | L238: Dr. Mayank Kumar Goyal
A239: 238 | B239: Brijesh Yadav | C239: 2022519020 | D239: 2201010185 | E239: B-Tech CSE-VI D | F239: =VLOOKUP(C239,'Fast Track '!B:C,2,FALSE) -> #N/A | G239: Introduction to Internet of Things_CSE071 | H239: 2022519020.brijesh@ug.sharda.ac.in | I239: =VLOOKUP(D239,Sheet1!E:K,6,FALSE) -> 9161767047 | J239: Computer Science | K239: G2 | L239: Dr. Mayank Kumar Goyal
A240: 239 | B240: Faiz Anwar | C240: 2022497244 | D240: 2201010237 | E240: B-Tech CSE-VI D | F240: =VLOOKUP(C240,'Fast Track '!B:C,2,FALSE) -> #N/A | G240: Introduction to Internet of Things_CSE071 | H240: 2022497244.faiz@ug.sharda.ac.in | I240: =VLOOKUP(D240,Sheet1!E:K,6,FALSE) -> 8630446523 | J240: Computer Science | K240: G2 | L240: Dr. Mayank Kumar Goyal
A241: 240 | B241: Hemant Kumar | C241: 2022484179 | D241: 2201010285 | E241: B-Tech CSE-VI D | F241: =VLOOKUP(C241,'Fast Track '!B:C,2,FALSE) -> #N/A | G241: Introduction to Internet of Things_CSE071 | H241: 2022484179.hemant@ug.sharda.ac.in | I241: =VLOOKUP(D241,Sheet1!E:K,6,FALSE) -> 9304389808 | J241: Computer Science | K241: G2 | L241: Dr. Mayank Kumar Goyal
A242: 241 | B242: Lakshay Bhardwaj | C242: 2022515249 | D242: 2201010352 | E242: B-Tech CSE-VI D | F242: =VLOOKUP(C242,'Fast Track '!B:C,2,FALSE) -> #N/A | G242: Introduction to Internet of Things_CSE071 | H242: 2022515249.lakshay@ug.sharda.ac.in | I242: =VLOOKUP(D242,Sheet1!E:K,6,FALSE) -> 9129848274 | J242: Computer Science | K242: G2 | L242: Dr. Mayank Kumar Goyal
A243: 242 | B243: Yash Chauhan | C243: 2022484682 | D243: 2201010807 | E243: B-Tech CSE-VI D | F243: =VLOOKUP(C243,'Fast Track '!B:C,2,FALSE) -> #N/A | G243: Introduction to Internet of Things_CSE071 | H243: 2022484682.yash@ug.sharda.ac.in | I243: =VLOOKUP(D243,Sheet1!E:K,6,FALSE) -> 9414268820 | J243: Computer Science | K243: G2 | L243: Dr. Mayank Kumar Goyal
A244: 243 | B244: Arvind Patel | C244: 2022540466 | D244: 2201010135 | E244: B-Tech CSE-VI D | F244: =VLOOKUP(C244,'Fast Track '!B:C,2,FALSE) -> #N/A | G244: Introduction to Internet of Things_CSE071 | H244: 2022540466.arvind@ug.sharda.ac.in | I244: =VLOOKUP(D244,Sheet1!E:K,6,FALSE) -> 9462607285 | J244: Computer Science | K244: G2 | L244: Dr. Mayank Kumar Goyal
A245: 244 | B245: Harshada Negi | C245: 2022506880 | D245: 2201010275 | E245: B-Tech CSE-VI D | F245: =VLOOKUP(C245,'Fast Track '!B:C,2,FALSE) -> #N/A | G245: Introduction to Internet of Things_CSE071 | H245: 2022506880.harshada@ug.sharda.ac.in | I245: =VLOOKUP(D245,Sheet1!E:K,6,FALSE) -> 7060867763 | J245: Computer Science | K245: G2 | L245: Dr. Mayank Kumar Goyal
A246: 245 | B246: Rahul Bhai Patel | C246: 2022805251 | D246: 2201010543 | E246: B-Tech CSE-VI D | F246: =VLOOKUP(C246,'Fast Track '!B:C,2,FALSE) -> #N/A | G246: Introduction to Internet of Things_CSE071 | H246: 2022805251.rahul@ug.sharda.ac.in | I246: =VLOOKUP(D246,Sheet1!E:K,6,FALSE) -> 91 9661565894 | J246: Computer Science | K246: G2 | L246: Dr. Mayank Kumar Goyal
A247: 246 | B247: Prakhar . | C247: 2022453096 | D247: 2201010510 | E247: B-Tech CSE-VI D | F247: =VLOOKUP(C247,'Fast Track '!B:C,2,FALSE) -> #N/A | G247: Introduction to Internet of Things_CSE071 | H247: 2022453096.prakhar@ug.sharda.ac.in | I247: =VLOOKUP(D247,Sheet1!E:K,6,FALSE) -> 8271863383 | J247: Computer Science | K247: G2 | L247: Dr. Mayank Kumar Goyal
A248: 247 | B248: Aman Anand | C248: 2022007819 | D248: 2201010866 | E248: B-Tech CSE-VI D | F248: =VLOOKUP(C248,'Fast Track '!B:C,2,FALSE) -> #N/A | G248: Introduction to Internet of Things_CSE071 | H248: 2022007819.aman@ug.sharda.ac.in | I248: =VLOOKUP(D248,Sheet1!E:K,6,FALSE) -> 6299567700 | J248: Computer Science | K248: G2 | L248: Dr. Mayank Kumar Goyal
... A253: 252 | B253: Zahabiya Hamied | C253: 2022450179 | D253: 2201010826 | E253: B-Tech CSE-VI D | F253: =VLOOKUP(C253,'Fast Track '!B:C,2,FALSE) -> #N/A | G253: Introduction to Internet of Things_CSE071 | H253: 2022450179.zahabiya@ug.sharda.ac.in | I253: =VLOOKUP(D253,Sheet1!E:K,6,FALSE) -> 8899667050 | J253: Computer Science | K253: G2 | L253: Dr. Mayank Kumar Goyal
A254: 253 | B254: Anubhav . | C254: 2022435623 | D254: 2201010108 | E254: B-Tech CSE-VI D | F254: =VLOOKUP(C254,'Fast Track '!B:C,2,FALSE) -> #N/A | G254: Introduction to Internet of Things_CSE071 | H254: 2022435623.anubhav@ug.sharda.ac.in | I254: 8708482858 | J254: B.Tech (CSE - Block Chain) | K254: G2 | L254: Dr. Mayank Kumar Goyal
A255: 254 | B255: Mohd Kaif | C255: 2022431018 | D255: 2201010421 | E255: B-Tech CSE-VI D | F255: =VLOOKUP(C255,'Fast Track '!B:C,2,FALSE) -> #N/A | G255: Introduction to Internet of Things_CSE071 | H255: 2022431018.mohd@ug.sharda.ac.in | I255: 9889511924 | J255: B.Tech (CSE - Block Chain) | K255: G2 | L255: Dr. Mayank Kumar Goyal
...

Sheet Fast Track 
A1: Sno | B1: System ID | C1: Fasttrack | D1: Campus ID | E1: Student Name | F1: Academic Program | G1: Academic Plan | H1: Remarks | I1: Student's Email | J1: Parent's Email | K1: contact number | L1: Remark-2(Fast Learning Mode)
A2: 1 | B2: 2022498812 | C2: Fasttrack | D2: 2201010796 | E2: Vishal Suryan | F2: Bachelor of Technology | G2: Computer Science | I2: 2022498812.vishal@ug.sharda.ac.in | J2: 2022498812.mukesh@pt.sharda.ac.in | K2: 9910261441 | L2: Fast learning Mode
A3: 2 | B3: 2022003923 | C3: Fasttrack | D3: 2022003923 | E3: Mohammad Shaazan Muzaffar | F3: Bachelor of Technology | G3: Computer Science | I3: 2022003923.mohammad@ug.sharda.ac.in | J3: 2022003923.muzaffarjan@pt.sharda.ac.in | K3: 7006813062 | L3: Fast learning Mode
A4: 3 | B4: 2022418998 | C4: Fasttrack | D4: 2201010756 | E4: Uday B Thakur | F4: Bachelor of Technology | G4: Computer Science | I4: 2022418998.uday@ug.sharda.ac.in | J4: 2022418998.inder@pt.sharda.ac.in | K4: 8076622787 | L4: Fast learning Mode
A5: 4 | B5: 2022506580 | C5: Fasttrack | D5: 2201010556 | E5: Rajesh Ranjan | F5: Bachelor of Technology | G5: Computer Science | I5: 2022506580.rajesh@ug.sharda.ac.in | J5: 2022506580.ramchandra@pt.sharda.ac.in | K5: 6200734740 | L5: Fast learning Mode
A6: 5 | B6: 2022492018 | C6: Fasttrack | D6: 2201010489 | E6: Omit Kumar | F6: Bachelor of Technology | G6: Computer Science | I6: 2022492018.omit@ug.sharda.ac.in | J6: 2022492018.ashokprasad@pt.sharda.ac.in | K6: 8235853597 | L6: Fast learning Mode
A7: 6 | B7: 2022395305 | C7: Fasttrack | D7: 2201010140 | E7: Aryan Kumar | F7: Bachelor of Technology | G7: Computer Science | I7: 2022395305.aryan@ug.sharda.ac.in | J7: 2022395305.rajnish@pt.sharda.ac.in | K7: 9289575803 | L7: Fast learning Mode
A8: 7 | B8: 2022004547 | C8: Fasttrack | D8: 2201010635 | E8: Sanskriti Verma | F8: Bachelor of Technology | G8: Computer Science | I8: 2022004547.sanskriti@ug.sharda.ac.in | J8: 2022004547.sanjay@pt.sharda.ac.in | K8: 7011428007 | L8: Fast learning Mode
A9: 8 | B9: 2022423199 | C9: Fasttrack | D9: 2201010812 | E9: Yash Rawat | F9: Bachelor of Technology | G9: Computer Science | I9: 2022423199.yash@ug.sharda.ac.in | J9: 2022423199.indrasingh@pt.sharda.ac.in | K9: 9871836528 | L9: Fast learning Mode
A10: 9 | B10: 2022552819 | C10: Fasttrack | D10: 2201010005 | E10: Aakriti Bansal | F10: Bachelor of Technology | G10: Computer Science | I10: 2022552819.aakriti@ug.sharda.ac.in | J10: 2022552819.d.k@pt.sharda.ac.in | K10: 8077831479 | L10: Fast learning Mode
A11: 10 | B11: 2022003580 | C11: Fasttrack | D11: 2201010782 | E11: Vedant Tiwari | F11: Bachelor of Technology | G11: Computer Science | I11: 2022003580.vedant@ug.sharda.ac.in | J11: 2022003580.shivram@pt.sharda.ac.in | K11: 9424991187 | L11: Fast learning Mode
A12: 11 | B12: 2022502947 | C12: Fasttrack | D12: 2201010698 | E12: Sneha . | F12: Bachelor of Technology | G12: Computer Science | I12: 2022502947.sneha@ug.sharda.ac.in | J12: 2022502947.jai@pt.sharda.ac.in | K12: 9315149393 | L12: Fast learning Mode
A13: 12 | B13: 2022405479 | C13: Fasttrack | D13: 2201010062 | E13: Akash Rattan | F13: Bachelor of Technology | G13: Computer Science | I13: 2022405479.akash@ug.sharda.ac.in | J13: 2022405479.arvindkumar@pt.sharda.ac.in | K13: 9936616269 | L13: Fast learning Mode
... A39: 38 | B39: 2022004439 | C39: Fasttrack | D39: 2201010221 | E39: Diksha Sharma | F39: Bachelor of Technology | G39: CSE-Cloud Tech & Virtualiz-AWS | I39: 2022004439.diksha@ug.sharda.ac.in | J39: 2022004439.dharmendra@pt.sharda.ac.in | K39: 7827340464 | L39: Fast learning Mode

Sheet A
A1: Sl No. | B1: Student Name | C1: Student System ID | D1: Student Roll No. | E1: New Section | F1: Fast Track | H1: Parent mail id | I1: contact number | J1: Specialization | K1: Group | L1: Mentor
A2: 1 | B2: Anutosh Mishra | C2: 2021308861 | D2: 210101102 | E2: B-Tech CSE-VI A | F2: =VLOOKUP(C2,'Fast Track '!B:C,2,FALSE) -> #N/A | G2: Introduction to Internet of Things_CSE071 | H2: =VLOOKUP(C2,Sheet1!D:J,6,FALSE) -> 2021308861.ashutoshkumar@pt.sharda.ac.in | I2: =VLOOKUP(D2,Sheet1!E:K,6,FALSE) -> 9936777552 | J2: Computer Science | K2: G1 | L2: Ms. Aanchal Vij
A3: 2 | B3: Nandani Chaudhary | C3: 2021828405 | D3: 210101591 | E3: B-Tech CSE-VI A | F3: =VLOOKUP(C3,'Fast Track '!B:C,2,FALSE) -> #N/A | G3: Introduction to Internet of Things_CSE072 | H3: =VLOOKUP(C3,Sheet1!D:J,6,FALSE) -> 2021828405.ramananda@pt.sharda.ac.in | I3: =VLOOKUP(D3,Sheet1!E:K,6,FALSE) -> 8130538380 | J3: Computer Science | K3: G1 | L3: Ms. Aanchal Vij
A4: 3 | B4: Farheen Khan | C4: 2021000009 | D4: 210121021 | E4: B-Tech CSE-VI A | F4: =VLOOKUP(C4,'Fast Track '!B:C,2,FALSE) -> #N/A | G4: Introduction to Internet of Things_CSE073 | H4: =VLOOKUP(C4,Sheet1!D:J,6,FALSE) -> 2021000009.asad@pt.sharda.ac.in | I4: =VLOOKUP(D4,Sheet1!E:K,6,FALSE) -> 9599543010 | J4: Computer Science | K4: G1 | L4: Ms. Aanchal Vij
A5: 4 | B5: Abhiraj Singh | C5: 2022579515 | D5: 2201010023 | E5: B-Tech CSE-VI A | F5: =VLOOKUP(C5,'Fast Track '!B:C,2,FALSE) -> #N/A | G5: Introduction to Internet of Things_CSE074 | H5: =VLOOKUP(C5,Sheet1!D:J,6,FALSE) -> 2022579515.vijaykumar@pt.sharda.ac.in | I5: =VLOOKUP(D5,Sheet1!E:K,6,FALSE) -> 8826793887 | J5: Computer Science | K5: G1 | L5: Ms. Aanchal Vij
A6: 5 | B6: Aman Sinha | C6: 2022534811 | D6: 2201010078 | E6: B-Tech CSE-VI A | F6: =VLOOKUP(C6,'Fast Track '!B:C,2,FALSE) -> #N/A | G6: Introduction to Internet of Things_CSE075 | H6: =VLOOKUP(C6,Sheet1!D:J,6,FALSE) -> 2022534811.rajeshkumar@pt.sharda.ac.in | I6: =VLOOKUP(D6,Sheet1!E:K,6,FALSE) -> 7319641049 | J6: Computer Science | K6: G1 | L6: Ms. Aanchal Vij
A7: 6 | B7: Ansh Shrivastav | C7: 2022475156 | D7: 2201010099 | E7: B-Tech CSE-VI A | F7: =VLOOKUP(C7,'Fast Track '!B:C,2,FALSE) -> #N/A | G7: Introduction to Internet of Things_CSE076 | H7: =VLOOKUP(C7,Sheet1!D:J,6,FALSE) -> 2022475156.dhananjay@pt.sharda.ac.in | I7: =VLOOKUP(D7,Sheet1!E:K,6,FALSE) -> 8789919805 | J7: Computer Science | K7: G1 | L7: Ms. Aanchal Vij
A8: 7 | B8: Anuj Rawat | C8: 2022394343 | D8: 2201010111 | E8: B-Tech CSE-VI A | F8: =VLOOKUP(C8,'Fast Track '!B:C,2,FALSE) -> #N/A | G8: Introduction to Internet of Things_CSE077 | H8: =VLOOKUP(C8,Sheet1!D:J,6,FALSE) -> 2022394343.anandsingh@pt.sharda.ac.in | I8: =VLOOKUP(D8,Sheet1!E:K,6,FALSE) -> 8126133363 | J8: Computer Science | K8: G1 | L8: Ms. Aanchal Vij
A9: 8 | B9: Arbaz Ahmed | C9: 2022006308 | D9: 2201010121 | E9: B-Tech CSE-VI A | F9: =VLOOKUP(C9,'Fast Track '!B:C,2,FALSE) -> #N/A | G9: Introduction to Internet of Things_CSE078 | H9: =VLOOKUP(C9,Sheet1!D:J,6,FALSE) -> 2022006308.asad@pt.sharda.ac.in | I9: =VLOOKUP(D9,Sheet1!E:K,6,FALSE) -> 7300577335 | J9: Computer Science | K9: G1 | L9: Ms. Aanchal Vij
A10: 9 | B10: Atithi Negi | C10: 2022438604 | D10: 2201010162 | E10: B-Tech CSE-VI A | F10: =VLOOKUP(C10,'Fast Track '!B:C,2,FALSE) -> #N/A | G10: Introduction to Internet of Things_CSE079 | H10: =VLOOKUP(C10,Sheet1!D:J,6,FALSE) -> 2022438604.kundansingh@pt.sharda.ac.in | I10: =VLOOKUP(D10,Sheet1!E:K,6,FALSE) -> 8920297350 | J10: Computer Science | K10: G1 | L10: Ms. Aanchal Vij
A11: 10 | B11: Basharat Hassan | C11: 2022521926 | D11: 2201010175 | E11: B-Tech CSE-VI A | F11: =VLOOKUP(C11,'Fast Track '!B:C,2,FALSE) -> #N/A | G11: Introduction to Internet of Things_CSE080 | H11: =VLOOKUP(C11,Sheet1!D:J,6,FALSE) -> 2022521926.ghulamhassan@pt.sharda.ac.in | I11: =VLOOKUP(D11,Sheet1!E:K,6,FALSE) -> 8899544845 | J11: Computer Science | K11: G1 | L11: Ms. Aanchal Vij
A12: 11 | B12: Bhoomi Sharma | C12: 2022325232 | D12: 2201010178 | E12: B-Tech CSE-VI A | F12: =VLOOKUP(C12,'Fast Track '!B:C,2,FALSE) -> #N/A | G12: Introduction to Internet of Things_CSE081 | H12: =VLOOKUP(C12,Sheet1!D:J,6,FALSE) -> 2022325232.latesuneet@pt.sharda.ac.in | I12: =VLOOKUP(D12,Sheet1!E:K,6,FALSE) -> 9717628588 | J12: Computer Science | K12: G1 | L12: Ms. Aanchal Vij
A13: 12 | B13: Chirag Nirwan | C13: 2022305905 | D13: 2201010193 | E13: B-Tech CSE-VI A | F13: =VLOOKUP(C13,'Fast Track '!B:C,2,FALSE) -> #N/A | G13: Introduction to Internet of Things_CSE082 | H13: =VLOOKUP(C13,Sheet1!D:J,6,FALSE) -> 2022305905.sanjeev@pt.sharda.ac.in | I13: =VLOOKUP(D13,Sheet1!E:K,6,FALSE) -> 9311273352 | J13: Computer Science | K13: G1 | L13: Ms. Aanchal Vij
... A57: 56 | B57: Sudiksha Bhogal | C57: 2023524672 | D57: 2301017018 | E57: B-Tech CSE-VI A | F57: =VLOOKUP(C57,'Fast Track '!B:C,2,FALSE) -> #N/A | G57: Introduction to Internet of Things_CSE126 | H57: =VLOOKUP(C57,Sheet1!D:J,6,FALSE) -> 2023524672.sunil@pt.sharda.ac.in | I57: =VLOOKUP(D57,Sheet1!E:K,6,FALSE) -> 8368285187 | J57: Computer Science | K57: G2 | L57: Mr. Ajeet Kumar Sharma
A58: 57 | B58: Abhishek Chaudhary | C58: 2021479763 | D58: 210101025 | E58: B-Tech CSE-VI A | F58: =VLOOKUP(C58,'Fast Track '!B:C,2,FALSE) -> #N/A | G58: Introduction to Internet of Things_CSE127 | H58: 2021479763.virendra@pt.sharda.ac.in | I58: 9140907009 | J58: Computer Science | K58: G2 | L58: Mr. Ajeet Kumar Sharma
A59: 58 | B59: Ankit kumar | C59: 2024389953 | E59: B-Tech CSE-VI A | F59: =VLOOKUP(C59,'Fast Track '!B:C,2,FALSE) -> #N/A | G59: Introduction to Internet of Things_CSE128 | H59: 0 | I59: 9693101494 | J59: Computer Science | K59: G2 | L59: Mr. Ajeet Kumar Sharma
A60: 59 | B60: Shubham Sharma | C60: 2022006289 | D60: 2201010959 | E60: B-Tech CSE-VI A | F60: =VLOOKUP(C60,'Fast Track '!B:C,2,FALSE) -> Fasttrack | G60: Introduction to Internet of Things_CSE129 | H60: 2022006289.shyambir@pt.sharda.ac.in | I60: 7982036498 | J60: CSE- IOT & Application | K60: G2 | L60: Mr. Nikhil Ranjan
A61: 60 | B61: Nitin Chauhan | C61: 2022008160 | D61: 2201010970 | E61: B-Tech CSE-VI A | F61: =VLOOKUP(C61,'Fast Track '!B:C,2,FALSE) -> #N/A | G61: Introduction to Internet of Things_CSE130 | H61: 2022008160.shiv@pt.sharda.ac.in | I61: 7408921681 | J61: CSE- IOT & Application | K61: G2 | L61: Mr. Nikhil Ranjan
A62: 61 | B62: Ashutosh Kumar | C62: 2022006860 | D62: 2201010154 | E62: B-Tech CSE-VI A | F62: =VLOOKUP(C62,'Fast Track '!B:C,2,FALSE) -> #N/A | G62: Introduction to Internet of Things_CSE131 | H62: 2022006860.ravi@pt.sharda.ac.in | I62: 8877464245 | J62: CSE- IOT & Application | K62: G2 | L62: Mr. Nikhil Ranjan
A63: 62 | B63: Harshit . | C63: 2022489738 | D63: 2201010276 | E63: B-Tech CSE-VI A | F63: =VLOOKUP(C63,'Fast Track '!B:C,2,FALSE) -> #N/A | G63: Introduction to Internet of Things_CSE132 | H63: 2022489738.deepak@pt.sharda.ac.in | I63: 7988496098 | J63: CSE- IOT & Application | K63: G2 | L63: Mr. Nikhil Ranjan
A64: 63 | B64: Rachit Sinha | C64: 2022002885 | D64: 2201010957 | E64: B-Tech CSE-VI A | F64: =VLOOKUP(C64,'Fast Track '!B:C,2,FALSE) -> #N/A | G64: Introduction to Internet of Things_CSE133 | H64: 2022002885.sanjaykumar@pt.sharda.ac.in | I64: 9625967510 | J64: CSE- IOT & Application | K64: G2 | L64: Mr. Nikhil Ranjan
A65: 64 | B65: Dev Singh | C65: 2022004595 | D65: 2201010958 | E65: B-Tech CSE-VI A | F65: =VLOOKUP(C65,'Fast Track '!B:C,2,FALSE) -> #N/A | G65: Introduction to Internet of Things_CSE134 | H65: 2022004595.hira@pt.sharda.ac.in | I65: 8595711734 | J65: CSE- IOT & Application | K65: G2 | L65: Mr. Nikhil Ranjan

Sheet B
A1: Sl No. | B1: Student Name | C1: Student System ID | D1: Student Roll No. | E1: New Section | H1: Student Email ID | I1: Parent mail id | J1: contact number | K1: Specialization | L1: Group | M1: Mentor
A2: 1 | B2: Mohammad Aatif Quamre | C2: 2020516582 | D2: 200101181 | E2: B-Tech CSE-VI B | F2: =VLOOKUP(C2,'Fast Track '!B:C,2,FALSE) -> #N/A | G2: Introduction to Internet of Things_CSE071 | I2: =VLOOKUP(C2,Sheet1!D:J,6,FALSE) -> 0 | J2: =VLOOKUP(D2,Sheet1!E:K,6,FALSE) -> 9319072044 | K2: Computer Science | L2: G1 | M2: Prof. (Dr.) Jayant Shekhar
A3: 2 | B3: Aditi Tiwari | C3: 2021378869 | D3: 210101036 | E3: B-Tech CSE-VI B | F3: =VLOOKUP(C3,'Fast Track '!B:C,2,FALSE) -> #N/A | G3: Introduction to Internet of Things_CSE072 | I3: =VLOOKUP(C3,Sheet1!D:J,6,FALSE) -> 2021378869.lakshmipati@pt.sharda.ac.in | J3: =VLOOKUP(D3,Sheet1!E:K,6,FALSE) -> 7718237260 | K3: Computer Science | L3: G1 | M3: Prof. (Dr.) Jayant Shekhar
A4: 3 | B4: Rinjal Sagar | C4: 2021003785 | D4: 210101586 | E4: B-Tech CSE-VI B | F4: =VLOOKUP(C4,'Fast Track '!B:C,2,FALSE) -> #N/A | G4: Introduction to Internet of Things_CSE073 | H4: 2021003785.rinjal@ug.sharda.ac.in | I4: =VLOOKUP(C4,Sheet1!D:J,6,FALSE) -> 2021003785.lalitkumar@pt.sharda.ac.in | J4: =VLOOKUP(D4,Sheet1!E:K,6,FALSE) -> 9871907908 | K4: Computer Science | L4: G1 | M4: Prof. (Dr.) Jayant Shekhar
A5: 4 | B5: A Vishwam Rao | C5: 2022003574 | D5: 2201010001 | E5: B-Tech CSE-VI B | F5: =VLOOKUP(C5,'Fast Track '!B:C,2,FALSE) -> #N/A | G5: Introduction to Internet of Things_CSE074 | H5: 2022003574.a@ug.sharda.ac.in | I5: =VLOOKUP(C5,Sheet1!D:J,6,FALSE) -> 2022003574.rupesh@pt.sharda.ac.in | J5: =VLOOKUP(D5,Sheet1!E:K,6,FALSE) -> 9971308744 | K5: Computer Science | L5: G1 | M5: Prof. (Dr.) Jayant Shekhar
A6: 5 | B6: Abhinay Singh Rawat | C6: 2022360529 | D6: 2201010022 | E6: B-Tech CSE-VI B | F6: =VLOOKUP(C6,'Fast Track '!B:C,2,FALSE) -> #N/A | G6: Introduction to Internet of Things_CSE075 | H6: 2022360529.abhinay@ug.sharda.ac.in | I6: =VLOOKUP(C6,Sheet1!D:J,6,FALSE) -> 2022360529.harishchandra@pt.sharda.ac.in | J6: =VLOOKUP(D6,Sheet1!E:K,6,FALSE) -> 7300965989 | K6: Computer Science | L6: G1 | M6: Prof. (Dr.) Jayant Shekhar
A7: 6 | B7: Ankit Yadav | C7: 2022538932 | D7: 2201010096 | E7: B-Tech CSE-VI B | F7: =VLOOKUP(C7,'Fast Track '!B:C,2,FALSE) -> #N/A | G7: Introduction to Internet of Things_CSE076 | H7: 2022538932.ankit@ug.sharda.ac.in | I7: =VLOOKUP(C7,Sheet1!D:J,6,FALSE) -> 2022538932.chandrej@pt.sharda.ac.in | J7: =VLOOKUP(D7,Sheet1!E:K,6,FALSE) -> 9625789885 | K7: Computer Science | L7: G1 | M7: Prof. (Dr.) Jayant Shekhar
A8: 7 | B8: Anshuman Singh | C8: 2022002787 | D8: 2201010105 | E8: B-Tech CSE-VI B | F8: =VLOOKUP(C8,'Fast Track '!B:C,2,FALSE) -> #N/A | G8: Introduction to Internet of Things_CSE077 | H8: 2022002787.anshuman@ug.sharda.ac.in | I8: =VLOOKUP(C8,Sheet1!D:J,6,FALSE) -> 2022002787.ramprakash@pt.sharda.ac.in | J8: =VLOOKUP(D8,Sheet1!E:K,6,FALSE) -> 8707433483 | K8: Computer Science | L8: G1 | M8: Prof. (Dr.) Jayant Shekhar
A9: 8 | B9: Anushka Kashyap | C9: 2022005229 | D9: 2201010115 | E9: B-Tech CSE-VI B | F9: =VLOOKUP(C9,'Fast Track '!B:C,2,FALSE) -> #N/A | G9: Introduction to Internet of Things_CSE078 | H9: 2022005229.anushka@ug.sharda.ac.in | I9: =VLOOKUP(C9,Sheet1!D:J,6,FALSE) -> 2022005229.sohanlal@pt.sharda.ac.in | J9: =VLOOKUP(D9,Sheet1!E:K,6,FALSE) -> 7827845687 | K9: Computer Science | L9: G1 | M9: Prof. (Dr.) Jayant Shekhar
A10: 9 | B10: Aryan Rattan Trakroo | C10: 2022419571 | D10: 2201010146 | E10: B-Tech CSE-VI B | F10: =VLOOKUP(C10,'Fast Track '!B:C,2,FALSE) -> #N/A | G10: Introduction to Internet of Things_CSE079 | H10: 2022419571.aryan@ug.sharda.ac.in | I10: =VLOOKUP(C10,Sheet1!D:J,6,FALSE) -> 2022419571.sanjaybharat@pt.sharda.ac.in | J10: =VLOOKUP(D10,Sheet1!E:K,6,FALSE) -> 9779994998 | K10: Computer Science | L10: G2 | M10: Dr. Subrata Sahana
A11: 10 | B11: Bolla Manoj Sai | C11: 2022433389 | D11: 2201010183 | E11: B-Tech CSE-VI B | F11: =VLOOKUP(C11,'Fast Track '!B:C,2,FALSE) -> #N/A | G11: Introduction to Internet of Things_CSE080 | H11: 2022433389.bolla@ug.sharda.ac.in | I11: =VLOOKUP(C11,Sheet1!D:J,6,FALSE) -> 2022433389.bollanvssambasiva@pt.sharda.ac.in | J11: =VLOOKUP(D11,Sheet1!E:K,6,FALSE) -> 9492465566 | K11: Computer Science | L11: G1 | M11: Prof. (Dr.) Jayant Shekhar
A12: 11 | B12: Brahmtej Mohanty | C12: 2022002578 | D12: 2201010184 | E12: B-Tech CSE-VI B | F12: =VLOOKUP(C12,'Fast Track '!B:C,2,FALSE) -> #N/A | G12: Introduction to Internet of Things_CSE081 | H12: 2022002578.brahmtej@ug.sharda.ac.in | I12: =VLOOKUP(C12,Sheet1!D:J,6,FALSE) -> 2022002578.bibhutibhushan@pt.sharda.ac.in | J12: =VLOOKUP(D12,Sheet1!E:K,6,FALSE) -> 7735324362 | K12: Computer Science | L12: G1 | M12: Prof. (Dr.) Jayant Shekhar
A13: 12 | B13: Chirag Pathak | C13: 2022005228 | D13: 2201010194 | E13: B-Tech CSE-VI B | F13: =VLOOKUP(C13,'Fast Track '!B:C,2,FALSE) -> #N/A | G13: Introduction to Internet of Things_CSE082 | H13: 2022005228.chirag@ug.sharda.ac.in | I13: =VLOOKUP(C13,Sheet1!D:J,6,FALSE) -> 2022005228.sampurnanand@pt.sharda.ac.in | J13: =VLOOKUP(D13,Sheet1!E:K,6,FALSE) -> 9267929004 | K13: Computer Science | L13: G1 | M13: Prof. (Dr.) Jayant Shekhar
A14: 13 | B14: Danish Kamal | C14: 2022349970 | D14: 2201010201 | E14: B-Tech CSE-VI B | F14: =VLOOKUP(C14,'Fast Track '!B:C,2,FALSE) -> #N/A | G14: Introduction to Internet of Things_CSE083 | H14: 2022349970.danish@ug.sharda.ac.in | I14: =VLOOKUP(C14,Sheet1!D:J,6,FALSE) -> 2022349970.manzoor@pt.sharda.ac.in | J14: =VLOOKUP(D14,Sheet1!E:K,6,FALSE) -> 9873222919 | K14: Computer Science | L14: G1 | M14: Prof. (Dr.) Jayant Shekhar
A15: 14 | B15: Jabir Luqman Ismail | C15: 2022804425 | D15: 2201010297 | E15: B-Tech CSE-VI B | F15: =VLOOKUP(C15,'Fast Track '!B:C,2,FALSE) -> #N/A | G15: Introduction to Internet of Things_CSE084 | H15: 2022804425.jabir@ug.sharda.ac.in | I15: =VLOOKUP(C15,Sheet1!D:J,6,FALSE) -> 2022804425.ismail@pt.sharda.ac.in | J15: =VLOOKUP(D15,Sheet1!E:K,6,FALSE) -> 91 9711260822 | K15: Computer Science | L15: G1 | M15: Prof. (Dr.) Jayant Shekhar
... A57: 56 | B57: Avik Roy | C57: 2022836161 | D57: 2201010911 | E57: B-Tech CSE-VI B | F57: =VLOOKUP(C57,'Fast Track '!B:C,2,FALSE) -> #N/A | G57: Introduction to Internet of Things_CSE126 | H57: 2022836161.avik@ug.sharda.ac.in | I57: =VLOOKUP(C57,Sheet1!D:J,6,FALSE) -> 2022836161.apurba@pt.sharda.ac.in | J57: =VLOOKUP(D57,Sheet1!E:K,6,FALSE) -> 91 9674775066 | K57: Computer Science | L57: G2 | M57: Dr. Subrata Sahana
A58: 57 | B58: Shubh Sahu | C58: 2021361239 | D58: 210101480 | E58: B-Tech CSE-VI B | F58: =VLOOKUP(C58,'Fast Track '!B:C,2,FALSE) -> #N/A | G58: Introduction to Internet of Things_CSE127 | H58: 2021361239.shubh@ug.sharda.ac.in | I58: =VLOOKUP(C58,Sheet1!D:J,6,FALSE) -> 2021361239.virendra@pt.sharda.ac.in | J58: =VLOOKUP(C58,Sheet1!D:J,7,FALSE) -> 8299431338 | K58: Computer Science | L58: G2 | M58: Dr. Subrata Sahana
A59: 58 | B59: Akim Tartisio Ramdan | C59: 2022826376 | D59: 2201010064 | E59: B-Tech CSE-VI B | F59: =VLOOKUP(C59,'Fast Track '!B:C,2,FALSE) -> #N/A | G59: Introduction to Internet of Things_CSE128 | H59: 2022826376.akim@ug.sharda.ac.in | I59: 2022826376.abudi@pt.sharda.ac.in | J59: 91 9910221368 | K59: CSE- IOT & Application | L59: G2 | M59: Mr. Nikhil Ranjan
A60: 59 | B60: Srishti Singh Chauhan | C60: 2022007474 | D60: 2201010960 | E60: B-Tech CSE-VI B | F60: =VLOOKUP(C60,'Fast Track '!B:C,2,FALSE) -> #N/A | G60: Introduction to Internet of Things_CSE129 | H60: 2022007474.srishti@ug.sharda.ac.in | I60: 2022007474.anteshkumarsingh@pt.sharda.ac.in | J60: 9318324541 | K60: CSE- IOT & Application | L60: G2 | M60: Mr. Nikhil Ranjan
A61: 60 | B61: Harsh Vashistha | C61: 2022008078 | D61: 2201010967 | E61: B-Tech CSE-VI B | F61: =VLOOKUP(C61,'Fast Track '!B:C,2,FALSE) -> #N/A | G61: Introduction to Internet of Things_CSE130 | H61: 2022008078.harsh@ug.sharda.ac.in | I61: 2022008078.nauratan@pt.sharda.ac.in | J61: 9759106757 | K61: CSE- IOT & Application | L61: G2 | M61: Mr. Nikhil Ranjan
A62: 61 | B62: Mohd Hashir | C62: 2022008085 | D62: 2201010968 | E62: B-Tech CSE-VI B | F62: =VLOOKUP(C62,'Fast Track '!B:C,2,FALSE) -> #N/A | G62: Introduction to Internet of Things_CSE131 | H62: 2022008085.mohd@ug.sharda.ac.in | I62: 2022008085.mdakhlaque@pt.sharda.ac.in | J62: 9455356020 | K62: CSE- IOT & Application | L62: G2 | M62: Mr. Nikhil Ranjan
A63: 62 | B63: Samiksha Sharma | C63: 2022008217 | D63: 2201010971 | E63: B-Tech CSE-VI B | F63: =VLOOKUP(C63,'Fast Track '!B:C,2,FALSE) -> #N/A | G63: Introduction to Internet of Things_CSE132 | H63: 2022008217.samiksha@ug.sharda.ac.in | I63: 2022008217.pradeep@pt.sharda.ac.in | J63: 6397937425 | K63: CSE- IOT & Application | L63: G2 | M63: Mr. Nikhil Ranjan
A64: 63 | B64: Avishkar Yadav | C64: 2022008317 | D64: 2201010974 | E64: B-Tech CSE-VI B | F64: =VLOOKUP(C64,'Fast Track '!B:C,2,FALSE) -> #N/A | G64: Introduction to Internet of Things_CSE133 | H64: 2022008317.avishkar@ug.sharda.ac.in | I64: 2022008317.sitaram@pt.sharda.ac.in | J64: 6350369251 | K64: CSE- IOT & Application | L64: G2 | M64: Mr. Nikhil Ranjan
A65: 64 | B65: Sujal Dev | C65: 2022008331 | D65: 2201010975 | E65: B-Tech CSE-VI B | F65: =VLOOKUP(C65,'Fast Track '!B:C,2,FALSE) -> #N/A | G65: Introduction to Internet of Things_CSE134 | H65: 2022008331.sujal@ug.sharda.ac.in | I65: 2022008331.bhaskar@pt.sharda.ac.in | J65: 8630404079 | K65: CSE- IOT & Application | L65: G2 | M65: Mr. Nikhil Ranjan
A66: 65 | B66: Urja Raj | C66: 2022622988 | D66: 2201010977 | E66: B-Tech CSE-VI B | F66: =VLOOKUP(C66,'Fast Track '!B:C,2,FALSE) -> #N/A | G66: Introduction to Internet of Things_CSE135 | H66: 2022622988.urja@ug.sharda.ac.in | I66: 2022622988.binodkumar@pt.sharda.ac.in | J66: 9060844039 | K66: CSE- IOT & Application | L66: G2 | M66: Mr. Nikhil Ranjan

Sheet C
A1: Sl No. | B1: Student Name | C1: Student System ID | D1: Student Roll No. | E1: New Section | H1: Student Email ID | I1: Parent mail id | J1: contact number | K1: Specialization | L1: Group | M1: Mentor
A2: 1 | B2: Aradhya Mittal | C2: 2022480934 | D2: 2201010119 | E2: B-Tech CSE-VI C | F2: =VLOOKUP(C2,'Fast Track '!B:C,2,FALSE) -> #N/A | G2: Introduction to Internet of Things_CSE071 | H2: 2022480934.aradhya@ug.sharda.ac.in | I2: =VLOOKUP(C2,Sheet1!D:J,6,FALSE) -> 2022480934.sanjivkumar@pt.sharda.ac.in | J2: =VLOOKUP(D2,Sheet1!E:K,6,FALSE) -> 9412810713 | K2: Computer Science | L2: G1 | M2: Dr. Bal Krishna Saraswat
A3: 2 | B3: Hemant Kumar | C3: 2022441875 | D3: 2201010284 | E3: B-Tech CSE-VI C | F3: =VLOOKUP(C3,'Fast Track '!B:C,2,FALSE) -> #N/A | G3: Introduction to Internet of Things_CSE072 | H3: 2022441875.hemant@ug.sharda.ac.in | I3: =VLOOKUP(C3,Sheet1!D:J,6,FALSE) -> 2022441875.rajesh@pt.sharda.ac.in | J3: =VLOOKUP(D3,Sheet1!E:K,6,FALSE) -> 8766227298 | K3: Computer Science | L3: G1 | M3: Dr. Bal Krishna Saraswat
A4: 3 | B4: Mohammed Saim Khan | C4: 2022815775 | D4: 2201010416 | E4: B-Tech CSE-VI C | F4: =VLOOKUP(C4,'Fast Track '!B:C,2,FALSE) -> #N/A | G4: Introduction to Internet of Things_CSE073 | H4: 2022815775.mohammed@ug.sharda.ac.in | I4: =VLOOKUP(C4,Sheet1!D:J,6,FALSE) -> 2022815775.haziqsayeed@pt.sharda.ac.in | J4: =VLOOKUP(D4,Sheet1!E:K,6,FALSE) -> 9773621064 | K4: Computer Science | L4: G1 | M4: Dr. Bal Krishna Saraswat
A5: 4 | B5: Nishant Kumar | C5: 2022472932 | D5: 2201010477 | E5: B-Tech CSE-VI C | F5: =VLOOKUP(C5,'Fast Track '!B:C,2,FALSE) -> #N/A | G5: Introduction to Internet of Things_CSE074 | H5: 2022472932.nishant@ug.sharda.ac.in | I5: =VLOOKUP(C5,Sheet1!D:J,6,FALSE) -> 2022472932.ravinder@pt.sharda.ac.in | J5: =VLOOKUP(D5,Sheet1!E:K,6,FALSE) -> 9310501448 | K5: Computer Science | L5: G1 | M5: Dr. Bal Krishna Saraswat
A6: 5 | B6: Rayyaan Tasaduq Wani | C6: 2022306733 | D6: 2201010564 | E6: B-Tech CSE-VI C | F6: =VLOOKUP(C6,'Fast Track '!B:C,2,FALSE) -> #N/A | G6: Introduction to Internet of Things_CSE075 | H6: 2022306733.rayyaantasaduq@ug.sharda.ac.in | I6: =VLOOKUP(C6,Sheet1!D:J,6,FALSE) -> 2022306733.tasaduqahmad@pt.sharda.ac.in | J6: =VLOOKUP(D6,Sheet1!E:K,6,FALSE) -> 9149764797 | K6: Computer Science | L6: G1 | M6: Dr. Bal Krishna Saraswat
A7: 6 | B7: Shivam Kumar | C7: 2022437807 | D7: 2201010669 | E7: B-Tech CSE-VI C | F7: =VLOOKUP(C7,'Fast Track '!B:C,2,FALSE) -> #N/A | G7: Introduction to Internet of Things_CSE076 | H7: 2022437807.shivam@ug.sharda.ac.in | I7: =VLOOKUP(C7,Sheet1!D:J,6,FALSE) -> 2022437807.arvind@pt.sharda.ac.in | J7: =VLOOKUP(D7,Sheet1!E:K,6,FALSE) -> 8742919690 | K7: Computer Science | L7: G1 | M7: Dr. Bal Krishna Saraswat
A8: 7 | B8: Swaraj Upreti | C8: 2022005992 | D8: 2201010733 | E8: B-Tech CSE-VI C | F8: =VLOOKUP(C8,'Fast Track '!B:C,2,FALSE) -> #N/A | G8: Introduction to Internet of Things_CSE077 | H8: 2022005992.swaraj@ug.sharda.ac.in | I8: =VLOOKUP(C8,Sheet1!D:J,6,FALSE) -> 2022005992.harish@pt.sharda.ac.in | J8: =VLOOKUP(D8,Sheet1!E:K,6,FALSE) -> 9318402815 | K8: Computer Science | L8: G1 | M8: Dr. Bal Krishna Saraswat
A9: 8 | B9: Vidhi Bansal | C9: 2022608746 | D9: 2201010898 | E9: B-Tech CSE-VI C | F9: =VLOOKUP(C9,'Fast Track '!B:C,2,FALSE) -> #N/A | G9: Introduction to Internet of Things_CSE078 | H9: 2022608746.vidhi@ug.sharda.ac.in | I9: =VLOOKUP(C9,Sheet1!D:J,6,FALSE) -> 2022608746.sachin@pt.sharda.ac.in | J9: =VLOOKUP(D9,Sheet1!E:K,6,FALSE) -> 9068356626 | K9: Computer Science | L9: G1 | M9: Dr. Bal Krishna Saraswat
A10: 9 | B10: Aditya Kartik | C10: 2022410342 | D10: 2201010039 | E10: B-Tech CSE-VI C | F10: =VLOOKUP(C10,'Fast Track '!B:C,2,FALSE) -> #N/A | G10: Introduction to Internet of Things_CSE079 | H10: 2022410342.aditya@ug.sharda.ac.in | I10: =VLOOKUP(C10,Sheet1!D:J,6,FALSE) -> 2022410342.shriprakash@pt.sharda.ac.in | J10: =VLOOKUP(D10,Sheet1!E:K,6,FALSE) -> 9122841000 | K10: Computer Science | L10: G1 | M10: Dr. Bal Krishna Saraswat
A11: 10 | B11: Arpit Arya | C11: 2022544781 | D11: 2201010131 | E11: B-Tech CSE-VI C | F11: =VLOOKUP(C11,'Fast Track '!B:C,2,FALSE) -> #N/A | G11: Introduction to Internet of Things_CSE080 | H11: 2022544781.arpit@ug.sharda.ac.in | I11: =VLOOKUP(C11,Sheet1!D:J,6,FALSE) -> 2022544781.chandrashekhar@pt.sharda.ac.in | J11: =VLOOKUP(D11,Sheet1!E:K,6,FALSE) -> 9204633508 | K11: Computer Science | L11: G1 | M11: Dr. Bal Krishna Saraswat
A12: 11 | B12: Mehran Arsh Hussain | C12: 2022517877 | D12: 2201010401 | E12: B-Tech CSE-VI C | F12: =VLOOKUP(C12,'Fast Track '!B:C,2,FALSE) -> #N/A | G12: Introduction to Internet of Things_CSE081 | H12: 2022517877.mehran@ug.sharda.ac.in | I12: =VLOOKUP(C12,Sheet1!D:J,6,FALSE) -> 2022517877.mehboob@pt.sharda.ac.in | J12: =VLOOKUP(D12,Sheet1!E:K,6,FALSE) -> 8218268108 | K12: Computer Science | L12: G1 | M12: Dr. Bal Krishna Saraswat
A13: 12 | B13: Riya Singh | C13: 2022004737 | D13: 2201010594 | E13: B-Tech CSE-VI C | F13: =VLOOKUP(C13,'Fast Track '!B:C,2,FALSE) -> #N/A | G13: Introduction to Internet of Things_CSE082 | H13: 2022004737.riya@ug.sharda.ac.in | I13: =VLOOKUP(C13,Sheet1!D:J,6,FALSE) -> 2022004737.sudhir@pt.sharda.ac.in | J13: =VLOOKUP(D13,Sheet1!E:K,6,FALSE) -> 8700933859 | K13: Computer Science | L13: G1 | M13: Dr. Bal Krishna Saraswat
... A61: 60 | B61: Asmit Kumar | C61: 2022446378 | D61: 2201010160 | E61: B-Tech CSE-VI C | F61: =VLOOKUP(C61,'Fast Track '!B:C,2,FALSE) -> #N/A | G61: Introduction to Internet of Things_CSE130 | H61: 2022446378.asmit@ug.sharda.ac.in | I61: =VLOOKUP(C61,Sheet1!D:J,6,FALSE) -> 2022446378.arun@pt.sharda.ac.in | J61: =VLOOKUP(D61,Sheet1!E:K,6,FALSE) -> 6201817713 | K61: Computer Science | L61: G2 | M61: Dr. Krishan Kumar

Sheet D
A1: Sl No. | B1: Student Name | C1: Student System ID | D1: Student Roll No. | E1: New Section | H1: Student Email ID | I1: Parent mail id | J1: contact number | K1: Specialization | L1: Group | M1: Mentor
A2: 1 | B2: Rudra Pratap Tomar | C2: 2022478036 | D2: 2201010605 | E2: B-Tech CSE-VI D | F2: =VLOOKUP(C2,'Fast Track '!B:C,2,FALSE) -> Fasttrack | G2: Introduction to Internet of Things_CSE071 | H2: 2022478036.rudra@ug.sharda.ac.in | I2: =VLOOKUP(C2,Sheet1!D:J,6,FALSE) -> 2022478036.ajay@pt.sharda.ac.in | J2: =VLOOKUP(D2,Sheet1!E:K,6,FALSE) -> 9358584820 | K2: Computer Science | L2: G1 | M2: Dr Anubhava Srivastava
A3: 2 | B3: Sanskriti Verma | C3: 2022004547 | D3: 2201010635 | E3: B-Tech CSE-VI D | F3: =VLOOKUP(C3,'Fast Track '!B:C,2,FALSE) -> Fasttrack | G3: Introduction to Internet of Things_CSE072 | H3: 2022004547.sanskriti@ug.sharda.ac.in | I3: =VLOOKUP(C3,Sheet1!D:J,6,FALSE) -> 2022004547.sanjay@pt.sharda.ac.in | J3: =VLOOKUP(D3,Sheet1!E:K,6,FALSE) -> 7011428007 | K3: Computer Science | L3: G1 | M3: Dr Anubhava Srivastava
A4: 3 | B4: Lakshay Bhatnagar | C4: 2022507647 | D4: 2201010353 | E4: B-Tech CSE-VI D | F4: =VLOOKUP(C4,'Fast Track '!B:C,2,FALSE) -> Fasttrack | G4: Introduction to Internet of Things_CSE073 | H4: 2022507647.lakshay@ug.sharda.ac.in | I4: =VLOOKUP(C4,Sheet1!D:J,6,FALSE) -> 2022507647.dinesh@pt.sharda.ac.in | J4: =VLOOKUP(D4,Sheet1!E:K,6,FALSE) -> 8448777978 | K4: Computer Science | L4: G1 | M4: Dr Anubhava Srivastava
A5: 4 | B5: Omit Kumar | C5: 2022492018 | D5: 2201010489 | E5: B-Tech CSE-VI D | F5: =VLOOKUP(C5,'Fast Track '!B:C,2,FALSE) -> Fasttrack | G5: Introduction to Internet of Things_CSE074 | H5: 2022492018.omit@ug.sharda.ac.in | I5: =VLOOKUP(C5,Sheet1!D:J,6,FALSE) -> 2022492018.ashokprasad@pt.sharda.ac.in | J5: =VLOOKUP(D5,Sheet1!E:K,6,FALSE) -> 8235853597 | K5: Computer Science | L5: G1 | M5: Dr Anubhava Srivastava
A6: 5 | B6: Mohammad Shaazan Muzaffar | C6: 2022003923 | D6: 2201010829 | E6: B-Tech CSE-VI D | F6: =VLOOKUP(C6,'Fast Track '!B:C,2,FALSE) -> Fasttrack | G6: Introduction to Internet of Things_CSE075 | H6: 2022003923.mohammad@ug.sharda.ac.in | I6: =VLOOKUP(C6,Sheet1!D:J,6,FALSE) -> 2022003923.muzaffarjan@pt.sharda.ac.in | J6: =VLOOKUP(D6,Sheet1!E:K,6,FALSE) -> 7006813062 | K6: Computer Science | L6: G1 | M6: Dr Anubhava Srivastava
A7: 6 | B7: Nitesh Kumar | C7: 2022544783 | D7: 2201010481 | E7: B-Tech CSE-VI D | F7: =VLOOKUP(C7,'Fast Track '!B:C,2,FALSE) -> Fasttrack | G7: Introduction to Internet of Things_CSE076 | H7: 2022544783.nitesh@ug.sharda.ac.in | I7: =VLOOKUP(C7,Sheet1!D:J,6,FALSE) -> 2022544783.ramkumar@pt.sharda.ac.in | J7: =VLOOKUP(D7,Sheet1!E:K,6,FALSE) -> 6203504840 | K7: Computer Science | L7: G1 | M7: Dr Anubhava Srivastava
A8: 7 | B8: Vedant Tiwari | C8: 2022003580 | D8: 2201010782 | E8: B-Tech CSE-VI D | F8: =VLOOKUP(C8,'Fast Track '!B:C,2,FALSE) -> Fasttrack | G8: Introduction to Internet of Things_CSE077 | H8: 2022003580.vedant@ug.sharda.ac.in | I8: =VLOOKUP(C8,Sheet1!D:J,6,FALSE) -> 2022003580.shivram@pt.sharda.ac.in | J8: =VLOOKUP(D8,Sheet1!E:K,6,FALSE) -> 9424991187 | K8: Computer Science | L8: G1 | M8: Dr Anubhava Srivastava
A9: 8 | B9: Rajesh Ranjan | C9: 2022506580 | D9: 2201010556 | E9: B-Tech CSE-VI D | F9: =VLOOKUP(C9,'Fast Track '!B:C,2,FALSE) -> Fasttrack | G9: Introduction to Internet of Things_CSE078 | H9: 2022506580.rajesh@ug.sharda.ac.in | I9: =VLOOKUP(C9,Sheet1!D:J,6,FALSE) -> 2022506580.ramchandra@pt.sharda.ac.in | J9: =VLOOKUP(D9,Sheet1!E:K,6,FALSE) -> 6200734740 | K9: Computer Science | L9: G1 | M9: Dr Anubhava Srivastava
A10: 9 | B10: Akash Rattan | C10: 2022405479 | D10: 2201010062 | E10: B-Tech CSE-VI D | F10: =VLOOKUP(C10,'Fast Track '!B:C,2,FALSE) -> Fasttrack | G10: Introduction to Internet of Things_CSE079 | H10: 2022405479.akash@ug.sharda.ac.in | I10: =VLOOKUP(C10,Sheet1!D:J,6,FALSE) -> 2022405479.arvindkumar@pt.sharda.ac.in | J10: =VLOOKUP(D10,Sheet1!E:K,6,FALSE) -> 9936616269 | K10: Computer Science | L10: G1 | M10: Dr Anubhava Srivastava
A11: 10 | B11: Aakriti Bansal | C11: 2022552819 | D11: 2201010005 | E11: B-Tech CSE-VI D | F11: =VLOOKUP(C11,'Fast Track '!B:C,2,FALSE) -> Fasttrack | G11: Introduction to Internet of Things_CSE080 | H11: 2022552819.aakriti@ug.sharda.ac.in | I11: =VLOOKUP(C11,Sheet1!D:J,6,FALSE) -> 2022552819.d.k@pt.sharda.ac.in | J11: =VLOOKUP(D11,Sheet1!E:K,6,FALSE) -> 8077831479 | K11: Computer Science | L11: G1 | M11: Dr Anubhava Srivastava
A12: 11 | B12: Uday B Thakur | C12: 2022418998 | D12: 2201010756 | E12: B-Tech CSE-VI D | F12: =VLOOKUP(C12,'Fast Track '!B:C,2,FALSE) -> Fasttrack | G12: Introduction to Internet of Things_CSE081 | H12: 2022418998.uday@ug.sharda.ac.in | I12: =VLOOKUP(C12,Sheet1!D:J,6,FALSE) -> 2022418998.inder@pt.sharda.ac.in | J12: =VLOOKUP(D12,Sheet1!E:K,6,FALSE) -> 8076622787 | K12: Computer Science | L12: G1 | M12: Dr Anubhava Srivastava
A13: 12 | B13: Tarun Kumar | C13: 2022007306 | D13: 2201010840 | E13: B-Tech CSE-VI D | F13: =VLOOKUP(C13,'Fast Track '!B:C,2,FALSE) -> Fasttrack | G13: Introduction to Internet of Things_CSE082 | H13: 2022007306.tarun@ug.sharda.ac.in | I13: =VLOOKUP(C13,Sheet1!D:J,6,FALSE) -> 2022007306.suresh@pt.sharda.ac.in | J13: =VLOOKUP(D13,Sheet1!E:K,6,FALSE) -> 8817200009 | K13: Computer Science | L13: G1 | M13: Dr Anubhava Srivastava
... A65: 64 | B65: Zahabiya Hamied | C65: 2022450179 | D65: 2201010826 | E65: B-Tech CSE-VI D | F65: =VLOOKUP(C65,'Fast Track '!B:C,2,FALSE) -> #N/A | G65: Introduction to Internet of Things_CSE134 | H65: 2022450179.zahabiya@ug.sharda.ac.in | I65: =VLOOKUP(C65,Sheet1!D:J,6,FALSE) -> 2022450179.abdulhamied@pt.sharda.ac.in | J65: =VLOOKUP(D65,Sheet1!E:K,6,FALSE) -> 8899667050 | K65: Computer Science | L65: G2 | M65: Mr. Rashmi Rathi
A66: 65 | B66: Anubhav . | C66: 2022435623 | D66: 2201010108 | E66: B-Tech CSE-VI D | F66: =VLOOKUP(C66,'Fast Track '!B:C,2,FALSE) -> #N/A | G66: Introduction to Internet of Things_CSE135 | H66: 2022435623.anubhav@ug.sharda.ac.in | I66: 2022435623.karampal@pt.sharda.ac.in | J66: 8708482858 | K66: B.Tech (CSE - Block Chain) | L66: G2 | M66: Ms. Harminder Kaur
A67: 66 | B67: Mohd Kaif | C67: 2022431018 | D67: 2201010421 | E67: B-Tech CSE-VI D | F67: =VLOOKUP(C67,'Fast Track '!B:C,2,FALSE) -> #N/A | G67: Introduction to Internet of Things_CSE136 | H67: 2022431018.mohd@ug.sharda.ac.in | I67: 2022431018.alimul@pt.sharda.ac.in | J67: 9889511924 | K67: B.Tech (CSE - Block Chain) | L67: G2 | M67: Ms. Harminder Kaur
A68: 67 | B68: Piyush . | C68: 2022434137 | D68: 2201010501 | E68: B-Tech CSE-VI D | F68: =VLOOKUP(C68,'Fast Track '!B:C,2,FALSE) -> #N/A | G68: Introduction to Internet of Things_CSE137 | H68: 2022434137.piyush@ug.sharda.ac.in | I68: 2022434137.karampal@pt.sharda.ac.in | J68: 9588385607 | K68: B.Tech (CSE - Block Chain) | L68: G2 | M68: Ms. Harminder Kaur
A69: 68 | B69: Arnav Singh | C69: 2022343833 | D69: 2201010129 | E69: B-Tech CSE-VI D | F69: =VLOOKUP(C69,'Fast Track '!B:C,2,FALSE) -> #N/A | G69: Introduction to Internet of Things_CSE138 | H69: 2022343833.arnav@ug.sharda.ac.in | I69: 2022343833.sushil@pt.sharda.ac.in | J69: 8210991280 | K69: B.Tech (CSE - Block Chain) | L69: G2 | M69: Ms. Harminder Kaur
A70: 69 | B70: Lokireddy Chakridharreddy | C70: 2022601278 | D70: 2201010921 | E70: B-Tech CSE-VI D | F70: =VLOOKUP(C70,'Fast Track '!B:C,2,FALSE) -> Fasttrack | G70: Introduction to Internet of Things_CSE139 | H70: 2022601278.lokireddy@ug.sharda.ac.in | I70: 2022601278.lokireddy@pt.sharda.ac.in | J70: 7995387683 | K70: B.Tech (CSE - Block Chain) | L70: G2 | M70: Ms. Harminder Kaur
A71: 70 | B71: Arpan Garg | C71: 2022523814 | D71: 2201010130 | E71: B-Tech CSE-VI D | F71: =VLOOKUP(C71,'Fast Track '!B:C,2,FALSE) -> #N/A | G71: Introduction to Internet of Things_CSE140 | H71: 2022523814.arpan@ug.sharda.ac.in | I71: 2022523814.pradeep@pt.sharda.ac.in | J71: 9412584726 | K71: B.Tech (CSE - Block Chain) | L71: G2 | M71: Ms. Harminder Kaur
A72: 71 | B72: Bilal Ansari | C72: 2022314446 | D72: 2201010181 | E72: B-Tech CSE-VI D | F72: =VLOOKUP(C72,'Fast Track '!B:C,2,FALSE) -> #N/A | G72: Introduction to Internet of Things_CSE141 | H72: 2022314446.bilal@ug.sharda.ac.in | I72: 2022314446.abdulsamim@pt.sharda.ac.in | J72: 8860179432 | K72: B.Tech (CSE - Block Chain) | L72: G2 | M72: Ms. Harminder Kaur
A73: 72 | B73: Divyanshu Bisht | C73: 2022342643 | D73: 2201010228 | E73: B-Tech CSE-VI D | F73: =VLOOKUP(C73,'Fast Track '!B:C,2,FALSE) -> #N/A | G73: Introduction to Internet of Things_CSE142 | H73: 2022342643.divyanshu@ug.sharda.ac.in | I73: 2022342643.harendra@pt.sharda.ac.in | J73: 7017891559 | K73: B.Tech (CSE - Block Chain) | L73: G2 | M73: Ms. Harminder Kaur
A74: 73 | B74: Kuldeep Pal | C74: 2022007077 | D74: 2201010343 | E74: B-Tech CSE-VI D | F74: =VLOOKUP(C74,'Fast Track '!B:C,2,FALSE) -> #N/A | G74: Introduction to Internet of Things_CSE143 | H74: 2022007077.kuldeep@ug.sharda.ac.in | I74: 2022007077.rajkumar@pt.sharda.ac.in | J74: 8057247756 | K74: B.Tech (CSE - Block Chain) | L74: G2 | M74: Ms. Harminder Kaur
A75: 74 | B75: Lovish Jain | C75: 2022006247 | D75: 2201010359 | E75: B-Tech CSE-VI D | F75: =VLOOKUP(C75,'Fast Track '!B:C,2,FALSE) -> #N/A | G75: Introduction to Internet of Things_CSE144 | H75: 2022006247.lovish@ug.sharda.ac.in | I75: 2022006247.sachin@pt.sharda.ac.in | J75: 7042664288 | K75: B.Tech (CSE - Block Chain) | L75: G2 | M75: Ms. Harminder Kaur
A76: 75 | B76: Mohd Saim | C76: 2022006233 | D76: 2201010425 | E76: B-Tech CSE-VI D | F76: =VLOOKUP(C76,'Fast Track '!B:C,2,FALSE) -> #N/A | G76: Introduction to Internet of Things_CSE145 | H76: 2022006233.mohd@ug.sharda.ac.in | I76: 2022006233.nadeem@pt.sharda.ac.in | J76: 9389850285 | K76: B.Tech (CSE - Block Chain) | L76: G2 | M76: Ms. Harminder Kaur
A77: 76 | B77: Mr Pramish Bhandari | C77: 2022817981 | D77: 2201010442 | E77: B-Tech CSE-VI D | F77: =VLOOKUP(C77,'Fast Track '!B:C,2,FALSE) -> #N/A | G77: Introduction to Internet of Things_CSE146 | H77: 2022817981.pramish@ug.sharda.ac.in | I77: 2022817981.gyanbahadur@pt.sharda.ac.in | J77: 91 7303998344 | K77: B.Tech (CSE - Block Chain) | L77: G2 | M77: Ms. Harminder Kaur
... A87: 86 | B87: Veeragoni Chandu | C87: 2022360934 | D87: 2201010784 | E87: B-Tech CSE-VI D | F87: =VLOOKUP(C87,'Fast Track '!B:C,2,FALSE) -> #N/A | G87: Introduction to Internet of Things_CSE156 | H87: 2022360934.veeragoni@ug.sharda.ac.in | I87: 2022360934.ramesh@pt.sharda.ac.in | J87: 9441140429 | K87: B.Tech (CSE - Block Chain) | L87: G2 | M87: Ms. Harminder Kaur

Sheet E
A1: Sl No. | B1: Student Name | C1: Student System ID | D1: Student Roll No. | E1: New Section | H1: Student Email ID | I1: Parent mail id | J1: contact number | K1: Specialization | L1: Group | M1: Mentor
A2: 1 | B2: Arfat Khan | C2: 2022000982 | D2: 2201010125 | E2: B-Tech CSE-VI E | F2: =VLOOKUP(C2,'Fast Track '!B:C,2,FALSE) -> #N/A | G2: Introduction to Internet of Things_CSE071 | H2: 2022000982.arfat@ug.sharda.ac.in | I2: =VLOOKUP(C2,Sheet1!D:J,6,FALSE) -> 2022000982.mdafroz@pt.sharda.ac.in | J2: =VLOOKUP(D2,Sheet1!E:K,6,FALSE) -> 8929586849 | K2: =VLOOKUP(E2,Sheet1!F:L,6,FALSE) -> Computer Science | L2: G1 | M2: Mr. Ravikant Kumar Nirala
A3: 2 | B3: Harsh Chaudhary | C3: 2022476992 | D3: 2201010263 | E3: B-Tech CSE-VI E | F3: =VLOOKUP(C3,'Fast Track '!B:C,2,FALSE) -> #N/A | G3: Introduction to Internet of Things_CSE072 | H3: 2022476992.harsh@ug.sharda.ac.in | I3: =VLOOKUP(C3,Sheet1!D:J,6,FALSE) -> 2022476992.ram@pt.sharda.ac.in | J3: =VLOOKUP(D3,Sheet1!E:K,6,FALSE) -> 7007382747 | K3: =VLOOKUP(E3,Sheet1!F:L,6,FALSE) -> Computer Science | L3: G1 | M3: Mr. Ravikant Kumar Nirala
A4: 3 | B4: Harsh Rastogi | C4: 2022482951 | D4: 2201010270 | E4: B-Tech CSE-VI E | F4: =VLOOKUP(C4,'Fast Track '!B:C,2,FALSE) -> #N/A | G4: Introduction to Internet of Things_CSE073 | H4: 2022482951.harsh@ug.sharda.ac.in | I4: =VLOOKUP(C4,Sheet1!D:J,6,FALSE) -> 2022482951.bobinder@pt.sharda.ac.in | J4: =VLOOKUP(D4,Sheet1!E:K,6,FALSE) -> 8439358060 | K4: =VLOOKUP(E4,Sheet1!F:L,6,FALSE) -> Computer Science | L4: G1 | M4: Mr. Ravikant Kumar Nirala
A5: 4 | B5: Karan Kumar Das | C5: 2022301943 | D5: 2201010318 | E5: B-Tech CSE-VI E | F5: =VLOOKUP(C5,'Fast Track '!B:C,2,FALSE) -> #N/A | G5: Introduction to Internet of Things_CSE074 | H5: 2022301943.karan@ug.sharda.ac.in | I5: =VLOOKUP(C5,Sheet1!D:J,6,FALSE) -> 2022301943.b@pt.sharda.ac.in | J5: =VLOOKUP(D5,Sheet1!E:K,6,FALSE) -> 9205507667 | K5: =VLOOKUP(E5,Sheet1!F:L,6,FALSE) -> Computer Science | L5: G1 | M5: Mr. Ravikant Kumar Nirala
A6: 5 | B6: MD Atif | C6: 2022480728 | D6: 2201010389 | E6: B-Tech CSE-VI E | F6: =VLOOKUP(C6,'Fast Track '!B:C,2,FALSE) -> #N/A | G6: Introduction to Internet of Things_CSE075 | H6: 2022480728.md@ug.sharda.ac.in | I6: =VLOOKUP(C6,Sheet1!D:J,6,FALSE) -> 2022480728.md@pt.sharda.ac.in | J6: =VLOOKUP(D6,Sheet1!E:K,6,FALSE) -> 9717511182 | K6: =VLOOKUP(E6,Sheet1!F:L,6,FALSE) -> Computer Science | L6: G1 | M6: Mr. Ravikant Kumar Nirala
A7: 6 | B7: Prateek Kumar | C7: 2022003695 | D7: 2201010515 | E7: B-Tech CSE-VI E | F7: =VLOOKUP(C7,'Fast Track '!B:C,2,FALSE) -> #N/A | G7: Introduction to Internet of Things_CSE076 | H7: 2022003695.prateek@ug.sharda.ac.in | I7: =VLOOKUP(C7,Sheet1!D:J,6,FALSE) -> 2022003695.anup@pt.sharda.ac.in | J7: =VLOOKUP(D7,Sheet1!E:K,6,FALSE) -> 7903443437 | K7: =VLOOKUP(E7,Sheet1!F:L,6,FALSE) -> Computer Science | L7: G1 | M7: Mr. Ravikant Kumar Nirala
A8: 7 | B8: Riti Kumari | C8: 2022306401 | D8: 2201010585 | E8: B-Tech CSE-VI E | F8: =VLOOKUP(C8,'Fast Track '!B:C,2,FALSE) -> #N/A | G8: Introduction to Internet of Things_CSE077 | H8: 2022306401.riti@ug.sharda.ac.in | I8: =VLOOKUP(C8,Sheet1!D:J,6,FALSE) -> 2022306401.naveen@pt.sharda.ac.in | J8: =VLOOKUP(D8,Sheet1!E:K,6,FALSE) -> 8595590409 | K8: =VLOOKUP(E8,Sheet1!F:L,6,FALSE) -> Computer Science | L8: G1 | M8: Mr. Ravikant Kumar Nirala
A9: 8 | B9: Tanvee Vashist | C9: 2022002431 | D9: 2201010745 | E9: B-Tech CSE-VI E | F9: =VLOOKUP(C9,'Fast Track '!B:C,2,FALSE) -> #N/A | G9: Introduction to Internet of Things_CSE078 | H9: 2022002431.tanvee@ug.sharda.ac.in | I9: =VLOOKUP(C9,Sheet1!D:J,6,FALSE) -> 2022002431.manjesh@pt.sharda.ac.in | J9: =VLOOKUP(D9,Sheet1!E:K,6,FALSE) -> 8851522509 | K9: =VLOOKUP(E9,Sheet1!F:L,6,FALSE) -> Computer Science | L9: G1 | M9: Mr. Ravikant Kumar Nirala
A10: 9 | B10: Ujjwal Gupta | C10: 2022006932 | D10: 2201010834 | E10: B-Tech CSE-VI E | F10: =VLOOKUP(C10,'Fast Track '!B:C,2,FALSE) -> #N/A | G10: Introduction to Internet of Things_CSE079 | H10: 2022006932.ujjwal@ug.sharda.ac.in | I10: =VLOOKUP(C10,Sheet1!D:J,6,FALSE) -> 2022006932.avdesh@pt.sharda.ac.in | J10: =VLOOKUP(D10,Sheet1!E:K,6,FALSE) -> 9310460810 | K10: =VLOOKUP(E10,Sheet1!F:L,6,FALSE) -> Computer Science | L10: G1 | M10: Mr. Ravikant Kumar Nirala
A11: 10 | B11: Vishal Kumar | C11: 2022007788 | D11: 2201010864 | E11: B-Tech CSE-VI E | F11: =VLOOKUP(C11,'Fast Track '!B:C,2,FALSE) -> #N/A | G11: Introduction to Internet of Things_CSE080 | H11: 2022007788.vishal@ug.sharda.ac.in | I11: =VLOOKUP(C11,Sheet1!D:J,6,FALSE) -> 2022007788.ajay@pt.sharda.ac.in | J11: =VLOOKUP(D11,Sheet1!E:K,6,FALSE) -> 8235930751 | K11: =VLOOKUP(E11,Sheet1!F:L,6,FALSE) -> Computer Science | L11: G1 | M11: Mr. Ravikant Kumar Nirala
A12: 11 | B12: Aman Kumar | C12: 2022505059 | D12: 2201010875 | E12: B-Tech CSE-VI E | F12: =VLOOKUP(C12,'Fast Track '!B:C,2,FALSE) -> #N/A | G12: Introduction to Internet of Things_CSE081 | H12: 2022505059.aman@ug.sharda.ac.in | I12: =VLOOKUP(C12,Sheet1!D:J,6,FALSE) -> 2022505059.ashok@pt.sharda.ac.in | J12: =VLOOKUP(D12,Sheet1!E:K,6,FALSE) -> 7903070334 | K12: =VLOOKUP(E12,Sheet1!F:L,6,FALSE) -> Computer Science | L12: G1 | M12: Mr. Ravikant Kumar Nirala
A13: 12 | B13: Avinash Chauhan | C13: 2023322783 | D13: 2301017004 | E13: B-Tech CSE-VI E | F13: =VLOOKUP(C13,'Fast Track '!B:C,2,FALSE) -> #N/A | G13: Introduction to Internet of Things_CSE082 | H13: 2023322783.avinash@ug.sharda.ac.in | I13: =VLOOKUP(C13,Sheet1!D:J,6,FALSE) -> 2023322783.mr@pt.sharda.ac.in | J13: =VLOOKUP(D13,Sheet1!E:K,6,FALSE) -> 9027213643 | K13: =VLOOKUP(E13,Sheet1!F:L,6,FALSE) -> Computer Science | L13: G1 | M13: Mr. Ravikant Kumar Nirala
... A59: 58 | B59: Amit Raj | C59: 2022004659 | D59: 2201010079 | E59: B-Tech CSE-VI E | F59: =VLOOKUP(C59,'Fast Track '!B:C,2,FALSE) -> #N/A | G59: Introduction to Internet of Things_CSE128 | H59: 2022004659.amit@ug.sharda.ac.in | I59: =VLOOKUP(C59,Sheet1!D:J,6,FALSE) -> 2022004659.ajay@pt.sharda.ac.in | J59: =VLOOKUP(D59,Sheet1!E:K,6,FALSE) -> 7856816590 | K59: =VLOOKUP(E59,Sheet1!F:L,6,FALSE) -> Computer Science | L59: G2 | M59: Dr. Mayank Kumar Goyal
A60: 59 | B60: Rahan . | C60: 2022007672 | D60: 2201010962 | E60: B-Tech CSE-VI E | F60: =VLOOKUP(C60,'Fast Track '!B:C,2,FALSE) -> #N/A | G60: Introduction to Internet of Things_CSE129 | H60: 2022007672.rahan@ug.sharda.ac.in | I60: 2022007672.vinod@pt.sharda.ac.in | J60: 9868060906 | K60: CSE- IOT & Application | L60: G2 | M60: Mr. Nikhil Ranjan
A61: 60 | B61: Priyanshu Soni | C61: 2022007731 | D61: 2201010963 | E61: B-Tech CSE-VI E | F61: =VLOOKUP(C61,'Fast Track '!B:C,2,FALSE) -> #N/A | G61: Introduction to Internet of Things_CSE130 | H61: 2022007731.priyanshu@ug.sharda.ac.in | I61: 2022007731.bikrant@pt.sharda.ac.in | J61: 8809244714 | K61: CSE- IOT & Application | L61: G2 | M61: Mr. Nikhil Ranjan
A62: 61 | B62: Ravi Shankar Poddar | C62: 2022007802 | D62: 2201010964 | E62: B-Tech CSE-VI E | F62: =VLOOKUP(C62,'Fast Track '!B:C,2,FALSE) -> #N/A | G62: Introduction to Internet of Things_CSE131 | H62: 2022007802.ravi@ug.sharda.ac.in | I62: 2022007802.dilip@pt.sharda.ac.in | J62: 6201671366 | K62: CSE- IOT & Application | L62: G2 | M62: Mr. Nikhil Ranjan
A63: 62 | B63: Chandan Kumar | C63: 2022008050 | D63: 2201010966 | E63: B-Tech CSE-VI E | F63: =VLOOKUP(C63,'Fast Track '!B:C,2,FALSE) -> #N/A | G63: Introduction to Internet of Things_CSE132 | H63: 2022008050.chandan@ug.sharda.ac.in | I63: 2022008050.satyanarayan@pt.sharda.ac.in | J63: 7319619584 | K63: CSE- IOT & Application | L63: G2 | M63: Mr. Nikhil Ranjan
A64: 63 | B64: Harsh Ujjwal | C64: 2022008126 | D64: 2201010969 | E64: B-Tech CSE-VI E | F64: =VLOOKUP(C64,'Fast Track '!B:C,2,FALSE) -> #N/A | G64: Introduction to Internet of Things_CSE133 | H64: 2022008126.harsh@ug.sharda.ac.in | I64: 2022008126.satyendra@pt.sharda.ac.in | J64: 8588830775 | K64: CSE- IOT & Application | L64: G2 | M64: Mr. Nikhil Ranjan
A65: 64 | B65: Ayaz Ahmad | C65: 2022008263 | D65: 2201010973 | E65: B-Tech CSE-VI E | F65: =VLOOKUP(C65,'Fast Track '!B:C,2,FALSE) -> #N/A | G65: Introduction to Internet of Things_CSE134 | H65: 2022008263.ayaz@ug.sharda.ac.in | I65: 2022008263.neyaz@pt.sharda.ac.in | J65: 6201810484 | K65: CSE- IOT & Application | L65: G2 | M65: Mr. Nikhil Ranjan
A66: 65 | B66: Sanjeet . | C66: 2022619784 | D66: 2201010976 | E66: B-Tech CSE-VI E | F66: =VLOOKUP(C66,'Fast Track '!B:C,2,FALSE) -> #N/A | G66: Introduction to Internet of Things_CSE135 | H66: 2022619784.sanjeet@ug.sharda.ac.in | I66: 2022619784.rajesh@pt.sharda.ac.in | J66: 8397998514 | K66: CSE- IOT & Application | L66: G2 | M66: Mr. Nikhil Ranjan

Sheet F
A1: Sl No. | B1: Student Name | C1: Student System ID | D1: Student Roll No. | E1: New Section | H1: Student Email ID | I1: Parent mail id | J1: contact number | K1: Specialization | L1: Group | M1: Mentor
A2: 1 | B2: Mohammad Faisal Faizan | C2: 2022497340 | D2: 2201010409 | E2: B-Tech CSE-VI F | F2: =VLOOKUP(C2,'Fast Track '!B:C,2,FALSE) -> #N/A | G2: Introduction to Internet of Things_CSE071 | H2: 2022497340.mohammadfaisal@ug.sharda.ac.in | I2: =VLOOKUP(C2,Sheet1!D:J,6,FALSE) -> 2022497340.sk@pt.sharda.ac.in | J2: =VLOOKUP(D2,Sheet1!E:K,6,FALSE) -> 9128944978 | K2: Computer Science | L2: G1 | M2: Ms. Manju Verma
A3: 2 | B3: Moses Clement Msumi | C3: 2022824586 | D3: 2201010435 | E3: B-Tech CSE-VI F | F3: =VLOOKUP(C3,'Fast Track '!B:C,2,FALSE) -> #N/A | G3: Introduction to Internet of Things_CSE072 | H3: 2022824586.moses@ug.sharda.ac.in | I3: =VLOOKUP(C3,Sheet1!D:J,6,FALSE) -> 2022824586.msumi@pt.sharda.ac.in | J3: =VLOOKUP(D3,Sheet1!E:K,6,FALSE) -> 960012907 | K3: Computer Science | L3: G1 | M3: Ms. Manju Verma
A4: 3 | B4: Pratyush Kanungo | C4: 2022506127 | D4: 2201010521 | E4: B-Tech CSE-VI F | F4: =VLOOKUP(C4,'Fast Track '!B:C,2,FALSE) -> #N/A | G4: Introduction to Internet of Things_CSE073 | H4: 2022506127.pratyush@ug.sharda.ac.in | I4: =VLOOKUP(C4,Sheet1!D:J,6,FALSE) -> 2022506127.prasantakumar@pt.sharda.ac.in | J4: =VLOOKUP(D4,Sheet1!E:K,6,FALSE) -> 9315709293 | K4: Computer Science | L4: G1 | M4: Ms. Manju Verma
A5: 4 | B5: Tanya Mall | C5: 2022005567 | D5: 2201010747 | E5: B-Tech CSE-VI F | F5: =VLOOKUP(C5,'Fast Track '!B:C,2,FALSE) -> #N/A | G5: Introduction to Internet of Things_CSE074 | H5: 2022005567.tanya@ug.sharda.ac.in | I5: =VLOOKUP(C5,Sheet1!D:J,6,FALSE) -> 2022005567.rajneeshkumar@pt.sharda.ac.in | J5: =VLOOKUP(D5,Sheet1!E:K,6,FALSE) -> 9415690996 | K5: Computer Science | L5: G1 | M5: Ms. Manju Verma
A6: 5 | B6: Chetan Raj Singh | C6: 2022003287 | D6: 2201010190 | E6: B-Tech CSE-VI F | F6: =VLOOKUP(C6,'Fast Track '!B:C,2,FALSE) -> #N/A | G6: Introduction to Internet of Things_CSE075 | H6: 2022003287.chetan@ug.sharda.ac.in | I6: =VLOOKUP(C6,Sheet1!D:J,6,FALSE) -> 2022003287.chandraveer@pt.sharda.ac.in | J6: =VLOOKUP(D6,Sheet1!E:K,6,FALSE) -> 9119729502 | K6: Computer Science | L6: G1 | M6: Ms. Manju Verma
A7: 6 | B7: Utkarsh Gupta | C7: 2022307471 | D7: 2201010763 | E7: B-Tech CSE-VI F | F7: =VLOOKUP(C7,'Fast Track '!B:C,2,FALSE) -> #N/A | G7: Introduction to Internet of Things_CSE076 | H7: 2022307471.utkarsh@ug.sharda.ac.in | I7: =VLOOKUP(C7,Sheet1!D:J,6,FALSE) -> 2022307471.laxminarayan@pt.sharda.ac.in | J7: =VLOOKUP(D7,Sheet1!E:K,6,FALSE) -> 6394434558 | K7: Computer Science | L7: G1 | M7: Ms. Manju Verma
A8: 7 | B8: Mr Sarwesh Kumar | C8: 2022006361 | D8: 2201010830 | E8: B-Tech CSE-VI F | F8: =VLOOKUP(C8,'Fast Track '!B:C,2,FALSE) -> #N/A | G8: Introduction to Internet of Things_CSE077 | H8: 2022006361.sarwesh@ug.sharda.ac.in | I8: =VLOOKUP(C8,Sheet1!D:J,6,FALSE) -> 2022006361.shyamanand@pt.sharda.ac.in | J8: =VLOOKUP(D8,Sheet1!E:K,6,FALSE) -> 9576657850 | K8: Computer Science | L8: G1 | M8: Ms. Manju Verma
A9: 8 | B9: Aditya Kumar | C9: 2022591631 | D9: 2201010888 | E9: B-Tech CSE-VI F | F9: =VLOOKUP(C9,'Fast Track '!B:C,2,FALSE) -> #N/A | G9: Introduction to Internet of Things_CSE078 | H9: 2022591631.aditya@ug.sharda.ac.in | I9: =VLOOKUP(C9,Sheet1!D:J,6,FALSE) -> 2022591631.ajitkumar@pt.sharda.ac.in | J9: =VLOOKUP(D9,Sheet1!E:K,6,FALSE) -> 7979841252 | K9: Computer Science | L9: G1 | M9: Ms. Manju Verma
A10: 9 | B10: Aashna Sharma | C10: 2022469915 | D10: 2201010008 | E10: B-Tech CSE-VI F | F10: =VLOOKUP(C10,'Fast Track '!B:C,2,FALSE) -> #N/A | G10: Introduction to Internet of Things_CSE079 | H10: 2022469915.aashna@ug.sharda.ac.in | I10: =VLOOKUP(C10,Sheet1!D:J,6,FALSE) -> 2022469915.kailash@pt.sharda.ac.in | J10: =VLOOKUP(D10,Sheet1!E:K,6,FALSE) -> 8700390171 | K10: Computer Science | L10: G1 | M10: Ms. Manju Verma
A11: 10 | B11: Amritanshu Ranjan | C11: 2022448964 | D11: 2201010080 | E11: B-Tech CSE-VI F | F11: =VLOOKUP(C11,'Fast Track '!B:C,2,FALSE) -> #N/A | G11: Introduction to Internet of Things_CSE080 | H11: 2022448964.amritanshu@ug.sharda.ac.in | I11: =VLOOKUP(C11,Sheet1!D:J,6,FALSE) -> 2022448964.rakesh@pt.sharda.ac.in | J11: =VLOOKUP(D11,Sheet1!E:K,6,FALSE) -> 8521759941 | K11: Computer Science | L11: G1 | M11: Ms. Manju Verma
A12: 11 | B12: Atul Anand | C12: 2022531916 | D12: 2201010163 | E12: B-Tech CSE-VI F | F12: =VLOOKUP(C12,'Fast Track '!B:C,2,FALSE) -> #N/A | G12: Introduction to Internet of Things_CSE081 | H12: 2022531916.atul@ug.sharda.ac.in | I12: =VLOOKUP(C12,Sheet1!D:J,6,FALSE) -> 2022531916.anoj@pt.sharda.ac.in | J12: =VLOOKUP(D12,Sheet1!E:K,6,FALSE) -> 6204638315 | K12: Computer Science | L12: G1 | M12: Ms. Manju Verma
A13: 12 | B13: Deepak Yadav | C13: 2022514536 | D13: 2201010203 | E13: B-Tech CSE-VI F | F13: =VLOOKUP(C13,'Fast Track '!B:C,2,FALSE) -> #N/A | G13: Introduction to Internet of Things_CSE082 | H13: 2022514536.deepak@ug.sharda.ac.in | I13: =VLOOKUP(C13,Sheet1!D:J,6,FALSE) -> 2022514536.brij@pt.sharda.ac.in | J13: =VLOOKUP(D13,Sheet1!E:K,6,FALSE) -> 9772621230 | K13: Computer Science | L13: G1 | M13: Ms. Manju Verma
... A64: 63 | B64: Chulbul S Pratyashrit | C64: 2023503067 | D64: 2301017006 | E64: B-Tech CSE-VI F | F64: =VLOOKUP(C64,'Fast Track '!B:C,2,FALSE) -> #N/A | G64: Introduction to Internet of Things_CSE133 | H64: 2023503067.chulbul@ug.sharda.ac.in | I64: =VLOOKUP(C64,Sheet1!D:J,6,FALSE) -> 2023503067.pratyush@pt.sharda.ac.in | J64: =VLOOKUP(D64,Sheet1!E:K,6,FALSE) -> 7683936276 | K64: Computer Science | L64: G2 | M64: Ms. Annu Mishra

Sheet G
A1: Sl No. | B1: Student Name | C1: Student System ID | D1: Student Roll No. | E1: New Section | H1: Student Email ID | I1: Parent mail id | J1: contact number | K1: Specialization | L1: Group | M1: Mentor
A2: 1 | B2: Aditya Keshri | C2: 2022002562 | D2: 2201010041 | E2: B-Tech CSE-VI G | F2: =VLOOKUP(C2,'Fast Track '!B:C,2,FALSE) -> #N/A | G2: Introduction to Internet of Things_CSE071 | H2: 2022002562.aditya@ug.sharda.ac.in | I2: =VLOOKUP(C2,Sheet1!D:J,6,FALSE) -> 2022002562.jayprakash@pt.sharda.ac.in | J2: =VLOOKUP(D2,Sheet1!E:K,6,FALSE) -> 8434107666 | K2: Computer Science | L2: G1 | M2: Mr. Avinash Kumar
A3: 2 | B3: Aditya Raj Singh | C3: 2022439077 | D3: 2201010048 | E3: B-Tech CSE-VI G | F3: =VLOOKUP(C3,'Fast Track '!B:C,2,FALSE) -> #N/A | G3: Introduction to Internet of Things_CSE072 | H3: 2022439077.aditya@ug.sharda.ac.in | I3: =VLOOKUP(C3,Sheet1!D:J,6,FALSE) -> 2022439077.ramakant@pt.sharda.ac.in | J3: =VLOOKUP(D3,Sheet1!E:K,6,FALSE) -> 9693396195 | K3: Computer Science | L3: G1 | M3: Mr. Avinash Kumar
A4: 3 | B4: Aditya Tiwari | C4: 2022526282 | D4: 2201010053 | E4: B-Tech CSE-VI G | F4: =VLOOKUP(C4,'Fast Track '!B:C,2,FALSE) -> #N/A | G4: Introduction to Internet of Things_CSE073 | H4: 2022526282.aditya@ug.sharda.ac.in | I4: =VLOOKUP(C4,Sheet1!D:J,6,FALSE) -> 2022526282.sunil@pt.sharda.ac.in | J4: =VLOOKUP(D4,Sheet1!E:K,6,FALSE) -> 6393992008 | K4: Computer Science | L4: G1 | M4: Mr. Avinash Kumar
A5: 4 | B5: Aniruddh Singh | C5: 2022003597 | D5: 2201010086 | E5: B-Tech CSE-VI G | F5: =VLOOKUP(C5,'Fast Track '!B:C,2,FALSE) -> #N/A | G5: Introduction to Internet of Things_CSE074 | H5: 2022003597.aniruddh@ug.sharda.ac.in | I5: =VLOOKUP(C5,Sheet1!D:J,6,FALSE) -> 2022003597.avdheshkumar@pt.sharda.ac.in | J5: =VLOOKUP(D5,Sheet1!E:K,6,FALSE) -> 9411419825 | K5: Computer Science | L5: G2 | M5: Ms. Ashu Goyal
A6: 5 | B6: Anuj Naruka | C6: 2022004609 | D6: 2201010110 | E6: B-Tech CSE-VI G | F6: =VLOOKUP(C6,'Fast Track '!B:C,2,FALSE) -> #N/A | G6: Introduction to Internet of Things_CSE075 | H6: 2022004609.anuj@ug.sharda.ac.in | I6: =VLOOKUP(C6,Sheet1!D:J,6,FALSE) -> 2022004609.khyalsingh@pt.sharda.ac.in | J6: =VLOOKUP(D6,Sheet1!E:K,6,FALSE) -> 8851283033 | K6: Computer Science | L6: G1 | M6: Mr. Avinash Kumar
A7: 6 | B7: Nehal Najmi | C7: 2022541296 | D7: 2201010466 | E7: B-Tech CSE-VI G | F7: =VLOOKUP(C7,'Fast Track '!B:C,2,FALSE) -> #N/A | G7: Introduction to Internet of Things_CSE076 | H7: 2022541296.nehal@ug.sharda.ac.in | I7: =VLOOKUP(C7,Sheet1!D:J,6,FALSE) -> 2022541296.mdagsar@pt.sharda.ac.in | J7: =VLOOKUP(D7,Sheet1!E:K,6,FALSE) -> 6367679744 | K7: Computer Science | L7: G1 | M7: Mr. Avinash Kumar
A8: 7 | B8: Aryan Kumar Pandey | C8: 2022386541 | D8: 2201010141 | E8: B-Tech CSE-VI G | F8: =VLOOKUP(C8,'Fast Track '!B:C,2,FALSE) -> #N/A | G8: Introduction to Internet of Things_CSE077 | H8: 2022386541.aryan@ug.sharda.ac.in | I8: =VLOOKUP(C8,Sheet1!D:J,6,FALSE) -> 2022386541.brahma@pt.sharda.ac.in | J8: =VLOOKUP(D8,Sheet1!E:K,6,FALSE) -> 8737099769 | K8: Computer Science | L8: G1 | M8: Mr. Avinash Kumar
A9: 8 | B9: Deependra Singh | C9: 2022429052 | D9: 2201010207 | E9: B-Tech CSE-VI G | F9: =VLOOKUP(C9,'Fast Track '!B:C,2,FALSE) -> #N/A | G9: Introduction to Internet of Things_CSE078 | H9: 2022429052.deependra@ug.sharda.ac.in | I9: =VLOOKUP(C9,Sheet1!D:J,6,FALSE) -> 2022429052.indal@pt.sharda.ac.in | J9: =VLOOKUP(D9,Sheet1!E:K,6,FALSE) -> 9151344811 | K9: Computer Science | L9: G1 | M9: Mr. Avinash Kumar
A10: 9 | B10: Dibyanshu Mohanty | C10: 2022330872 | D10: 2201010220 | E10: B-Tech CSE-VI G | F10: =VLOOKUP(C10,'Fast Track '!B:C,2,FALSE) -> #N/A | G10: Introduction to Internet of Things_CSE079 | H10: 2022330872.dibyanshu@ug.sharda.ac.in | I10: =VLOOKUP(C10,Sheet1!D:J,6,FALSE) -> 2022330872.nanigopal@pt.sharda.ac.in | J10: =VLOOKUP(D10,Sheet1!E:K,6,FALSE) -> 9583532701 | K10: Computer Science | L10: G1 | M10: Mr. Avinash Kumar
A11: 10 | B11: Fahad Najmi | C11: 2022470752 | D11: 2201010235 | E11: B-Tech CSE-VI G | F11: =VLOOKUP(C11,'Fast Track '!B:C,2,FALSE) -> #N/A | G11: Introduction to Internet of Things_CSE080 | H11: 2022470752.fahad@ug.sharda.ac.in | I11: =VLOOKUP(C11,Sheet1!D:J,6,FALSE) -> 2022470752.ekhlaque@pt.sharda.ac.in | J11: =VLOOKUP(D11,Sheet1!E:K,6,FALSE) -> 8076579399 | K11: Computer Science | L11: G1 | M11: Mr. Avinash Kumar
A12: 11 | B12: MD Millat Hosen | C12: 2022811342 | D12: 2201010391 | E12: B-Tech CSE-VI G | F12: =VLOOKUP(C12,'Fast Track '!B:C,2,FALSE) -> #N/A | G12: Introduction to Internet of Things_CSE081 | H12: 2022811342.md@ug.sharda.ac.in | I12: =VLOOKUP(C12,Sheet1!D:J,6,FALSE) -> 2022811342.manjur@pt.sharda.ac.in | J12: =VLOOKUP(D12,Sheet1!E:K,6,FALSE) -> +91 9873842259 | K12: Computer Science | L12: G1 | M12: Mr. Avinash Kumar
A13: 12 | B13: Md Motiur Rahman | C13: 2022499099 | D13: 2201010392 | E13: B-Tech CSE-VI G | F13: =VLOOKUP(C13,'Fast Track '!B:C,2,FALSE) -> #N/A | G13: Introduction to Internet of Things_CSE082 | H13: 2022499099.md@ug.sharda.ac.in | I13: =VLOOKUP(C13,Sheet1!D:J,6,FALSE) -> 2022499099.mustak@pt.sharda.ac.in | J13: =VLOOKUP(D13,Sheet1!E:K,6,FALSE) -> 9523464177 | K13: Computer Science | L13: G1 | M13: Mr. Avinash Kumar
... A45: 44 | B45: Shashwat Singh | C45: 2022006694 | D45: 2201010660 | E45: B-Tech CSE-VI G | F45: =VLOOKUP(C45,'Fast Track '!B:C,2,FALSE) -> #N/A | G45: Introduction to Internet of Things_CSE114 | H45: 2022006694.shashwat@ug.sharda.ac.in | I45: =VLOOKUP(C45,Sheet1!D:J,6,FALSE) -> 2022006694.manojkumar@pt.sharda.ac.in | J45: =VLOOKUP(D45,Sheet1!E:K,6,FALSE) -> 8081669849 | K45: Computer Science | L45: G2 | M45: Ms. Ashu Goyal
A46: 45 | B46: Shivam Nayak | C46: 2022006868 | D46: 2201010673 | E46: B-Tech CSE-VI G | F46: =VLOOKUP(C2,'Fast Track '!B:C,2,FALSE) -> #N/A | G46: Introduction to Internet of Things_CSE115 | H46: 2022006868.shivam@ug.sharda.ac.in | I46: =VLOOKUP(C46,Sheet1!D:J,6,FALSE) -> 2022006868.sanjeev@pt.sharda.ac.in | J46: =VLOOKUP(D46,Sheet1!E:K,6,FALSE) -> 7644822120 | K46: Computer Science | L46: G2 | M46: Ms. Ashu Goyal
A47: 46 | B47: Simran Kumari | C47: 2022338616 | D47: 2201010695 | E47: B-Tech CSE-VI G | G47: Introduction to Internet of Things_CSE116 | H47: 2022338616.simran@ug.sharda.ac.in | I47: =VLOOKUP(C47,Sheet1!D:J,6,FALSE) -> 2022338616.manoj@pt.sharda.ac.in | J47: =VLOOKUP(D47,Sheet1!E:K,6,FALSE) -> 7827186921 | K47: Computer Science | L47: G2 | M47: Ms. Ashu Goyal
A48: 47 | B48: Sumit . | C48: 2022508695 | D48: 2201010720 | E48: B-Tech CSE-VI G | G48: Introduction to Internet of Things_CSE117 | H48: 2022508695.sumit@ug.sharda.ac.in | I48: =VLOOKUP(C48,Sheet1!D:J,6,FALSE) -> 2022508695.omprakash@pt.sharda.ac.in | J48: =VLOOKUP(D48,Sheet1!E:K,6,FALSE) -> 9548741286 | K48: Computer Science | L48: G2 | M48: Ms. Ashu Goyal
A49: 48 | B49: Shivansh Tiwari | C49: 2022404783 | D49: 2201010679 | E49: B-Tech CSE-VI G | G49: Introduction to Internet of Things_CSE118 | H49: 2022404783.shivansh@ug.sharda.ac.in | I49: =VLOOKUP(C49,Sheet1!D:J,6,FALSE) -> 2022404783.sudhirkumar@pt.sharda.ac.in | J49: =VLOOKUP(D49,Sheet1!E:K,6,FALSE) -> 8979566862 | K49: Computer Science | L49: G2 | M49: Ms. Ashu Goyal
A50: 49 | B50: Kunal Rajput | C50: 2022007342 | D50: 2201010845 | E50: B-Tech CSE-VI G | G50: Introduction to Internet of Things_CSE119 | H50: 2022007342.kunal@ug.sharda.ac.in | I50: =VLOOKUP(C50,Sheet1!D:J,6,FALSE) -> 2022007342.mahendra@pt.sharda.ac.in | J50: =VLOOKUP(D50,Sheet1!E:K,6,FALSE) -> 9149220680 | K50: Computer Science | L50: G2 | M50: Ms. Ashu Goyal
A51: 50 | B51: Ankit Kumar | C51: 2022007381 | D51: 2201010846 | E51: B-Tech CSE-VI G | G51: Introduction to Internet of Things_CSE120 | H51: 2022007381.ankit@ug.sharda.ac.in | I51: =VLOOKUP(C51,Sheet1!D:J,6,FALSE) -> 2022007381.virendra@pt.sharda.ac.in | J51: =VLOOKUP(D51,Sheet1!E:K,6,FALSE) -> 7759816393 | K51: Computer Science | L51: G2 | M51: Ms. Ashu Goyal
A52: 51 | B52: Md Adnan Ahsani | C52: 2022558410 | D52: 2201010882 | E52: B-Tech CSE-VI G | G52: Introduction to Internet of Things_CSE121 | H52: 2022558410.md@ug.sharda.ac.in | I52: =VLOOKUP(C52,Sheet1!D:J,6,FALSE) -> 2022558410.mdahsan@pt.sharda.ac.in | J52: =VLOOKUP(D52,Sheet1!E:K,6,FALSE) -> 7033913503 | K52: Computer Science | L52: G2 | M52: Ms. Ashu Goyal
A53: 52 | B53: Anagh C Nambiar | C53: 2022621767 | D53: 2201010905 | E53: B-Tech CSE-VI G | G53: Introduction to Internet of Things_CSE122 | H53: 2022621767.anagh@ug.sharda.ac.in | I53: =VLOOKUP(C53,Sheet1!D:J,6,FALSE) -> 2022621767.chandran@pt.sharda.ac.in | J53: =VLOOKUP(D53,Sheet1!E:K,6,FALSE) -> 9479557386 | K53: Computer Science | L53: G2 | M53: Ms. Ashu Goyal
A54: 53 | B54: Aiyaan Qaiser | C54: 2022484684 | D54: 2201010056 | E54: B-Tech CSE-VI G | G54: Introduction to Internet of Things_CSE123 | H54: 2022484684.aiyaan@ug.sharda.ac.in | I54: =VLOOKUP(C54,Sheet1!D:J,6,FALSE) -> 2022484684.mohammad@pt.sharda.ac.in | J54: =VLOOKUP(D54,Sheet1!E:K,6,FALSE) -> 7840080567 | K54: Computer Science | L54: G2 | M54: Ms. Ashu Goyal
A55: 54 | B55: Anjani Kumar | C55: 2022434676 | D55: 2201010091 | E55: B-Tech CSE-VI G | G55: Introduction to Internet of Things_CSE124 | H55: 2022434676.anjani@ug.sharda.ac.in | I55: =VLOOKUP(C55,Sheet1!D:J,6,FALSE) -> 2022434676.vishwanath@pt.sharda.ac.in | J55: =VLOOKUP(D55,Sheet1!E:K,6,FALSE) -> 9835339700 | K55: Computer Science | L55: G2 | M55: Ms. Ashu Goyal
A56: 55 | B56: Mohit Kumar | C56: 2022506408 | D56: 2201010430 | E56: B-Tech CSE-VI G | G56: Introduction to Internet of Things_CSE125 | H56: 2022506408.mohit@ug.sharda.ac.in | I56: =VLOOKUP(C56,Sheet1!D:J,6,FALSE) -> 2022506408.umesh@pt.sharda.ac.in | J56: =VLOOKUP(D56,Sheet1!E:K,6,FALSE) -> 9905593696 | K56: Computer Science | L56: G2 | M56: Ms. Ashu Goyal
A57: 56 | B57: Pawan . | C57: 2022003474 | D57: 2201010499 | E57: B-Tech CSE-VI G | G57: Introduction to Internet of Things_CSE126 | H57: 2022003474.pawan@ug.sharda.ac.in | I57: =VLOOKUP(C57,Sheet1!D:J,6,FALSE) -> 2022003474.munna@pt.sharda.ac.in | J57: =VLOOKUP(D57,Sheet1!E:K,6,FALSE) -> 6397729725 | K57: Computer Science | L57: G2 | M57: Ms. Ashu Goyal
A58: 57 | B58: Purushottam Kumar | C58: 2022344698 | D58: 2201010539 | E58: B-Tech CSE-VI G | G58: Introduction to Internet of Things_CSE127 | H58: 2022344698.purushottam@ug.sharda.ac.in | I58: =VLOOKUP(C58,Sheet1!D:J,6,FALSE) -> 2022344698.mantu@pt.sharda.ac.in | J58: =VLOOKUP(D58,Sheet1!E:K,6,FALSE) -> 9693330760 | K58: Computer Science | L58: G2 | M58: Ms. Ashu Goyal
... A60: 59 | B60: Salman Gazi | C60: 2022001198 | D60: 2201010620 | E60: B-Tech CSE-VI G | G60: Introduction to Internet of Things_CSE129 | H60: 2022001198.salman@ug.sharda.ac.in | I60: =VLOOKUP(C60,Sheet1!D:J,6,FALSE) -> 2022001198.farid@pt.sharda.ac.in | J60: =VLOOKUP(D60,Sheet1!E:K,6,FALSE) -> 960445800 | K60: Computer Science | L60: G2 | M60: Ms. Ashu Goyal
A61: 60 | B61: Sumit Pathak | C61: 2022408033 | D61: 2201010723 | E61: B-Tech CSE-VI G | G61: Introduction to Internet of Things_CSE130 | H61: 2022408033.sumit@ug.sharda.ac.in | I61: =VLOOKUP(C61,Sheet1!D:J,6,FALSE) -> 2022408033.prakashchandra@pt.sharda.ac.in | J61: =VLOOKUP(D61,Sheet1!E:K,6,FALSE) -> 9958635595 | L61: G2 | M61: Ms. Ashu Goyal
A62: 61 | B62: Sumit Yadav | C62: 2022498602 | D62: 2201010724 | E62: B-Tech CSE-VI G | G62: Introduction to Internet of Things_CSE131 | H62: 2022498602.sumit@ug.sharda.ac.in | I62: =VLOOKUP(C62,Sheet1!D:J,6,FALSE) -> 2022498602.laldev@pt.sharda.ac.in | J62: =VLOOKUP(D62,Sheet1!E:K,6,FALSE) -> 9838391937 | L62: G2 | M62: Ms. Ashu Goyal
A63: 62 | B63: Vaibhav Gupta | C63: 2022393356 | D63: 2201010771 | E63: B-Tech CSE-VI G | G63: Introduction to Internet of Things_CSE132 | H63: 2022393356.vaibhav@ug.sharda.ac.in | I63: =VLOOKUP(C63,Sheet1!D:J,6,FALSE) -> 2022393356.jaiprakash@pt.sharda.ac.in | J63: =VLOOKUP(D63,Sheet1!E:K,6,FALSE) -> 8810607038 | L63: G2 | M63: Ms. Ashu Goyal

Sheet H
A1: Sl No. | B1: Student Name | C1: Student System ID | D1: Student Roll No. | E1: New Section | H1: Student Email ID | I1: Parent mail id | J1: contact number | K1: Specialization | L1: Group | M1: Mentor
A2: 1 | B2: Aaron Moses | C2: 2021316862 | D2: 210101007 | E2: B-Tech CSE-VI H | F2: =VLOOKUP(C2,'Fast Track '!B:C,2,FALSE) -> #N/A | G2: Introduction to Internet of Things_CSE071 | H2: 2021316862.aaron@ug.sharda.ac.in | I2: =VLOOKUP(C2,Sheet1!D:J,6,FALSE) -> 2021316862.moses@pt.sharda.ac.in | J2: =VLOOKUP(C2,Sheet1!D:J,7,FALSE) -> 8630390567 | K2: Computer Science | L2: G1 | M2: Ms. Amita Sharma
A3: 2 | B3: Amaan Sajad Mir | C3: 2021301933 | D3: 210101058 | E3: B-Tech CSE-VI H | F3: =VLOOKUP(C3,'Fast Track '!B:C,2,FALSE) -> #N/A | G3: Introduction to Internet of Things_CSE072 | H3: 2021301933.amaan@ug.sharda.ac.in | I3: =VLOOKUP(C3,Sheet1!D:J,6,FALSE) -> 2021301933.sajadhussain@pt.sharda.ac.in | J3: =VLOOKUP(C3,Sheet1!D:J,7,FALSE) -> 8899972039 | K3: Computer Science | L3: G1 | M3: Ms. Amita Sharma
A4: 3 | B4: Anil | C4: 2021373068 | D4: 210101077 | E4: B-Tech CSE-VI H | F4: =VLOOKUP(C4,'Fast Track '!B:C,2,FALSE) -> #N/A | G4: Introduction to Internet of Things_CSE073 | H4: 2021373068.anil@ug.sharda.ac.in | I4: =VLOOKUP(C4,Sheet1!D:J,6,FALSE) -> 2021373068.dharmbir@pt.sharda.ac.in | J4: =VLOOKUP(C4,Sheet1!D:J,7,FALSE) -> 9991288569 | K4: Computer Science | L4: G1 | M4: Ms. Amita Sharma
A5: 4 | B5: Dharam Priya Gautam | C5: 2021396844 | D5: 210101170 | E5: B-Tech CSE-VI H | F5: =VLOOKUP(C5,'Fast Track '!B:C,2,FALSE) -> #N/A | G5: Introduction to Internet of Things_CSE074 | H5: 2021396844.dharam@ug.sharda.ac.in | I5: =VLOOKUP(C5,Sheet1!D:J,6,FALSE) -> 2021396844.rodas@pt.sharda.ac.in | J5: =VLOOKUP(C5,Sheet1!D:J,7,FALSE) -> 8630448878 | K5: Computer Science | L5: G1 | M5: Ms. Amita Sharma
A6: 5 | B6: Ishaan Bisht | C6: 2021447448 | D6: 210101223 | E6: B-Tech CSE-VI H | F6: =VLOOKUP(C6,'Fast Track '!B:C,2,FALSE) -> #N/A | G6: Introduction to Internet of Things_CSE075 | H6: 2021447448.ishaan@ug.sharda.ac.in | I6: =VLOOKUP(C6,Sheet1!D:J,6,FALSE) -> 2021447448.yashwant@pt.sharda.ac.in | J6: =VLOOKUP(C6,Sheet1!D:J,7,FALSE) -> 8368539536 | K6: Computer Science | L6: G1 | M6: Ms. Amita Sharma
